diseases_CUI,Name
C0012634,Disease
C0003873,Rheumatoid Arthritis
C0020538,Hypertensive disease
C0011860,"Diabetes Mellitus, Non-Insulin-Dependent"
C0004096,Asthma
C0030567,Parkinson Disease
C0002395,Alzheimer's Disease
C0004238,Atrial Fibrillation
C5203670,COVID-19 Virus Disease
C0011847,Diabetes
C0524910,"Hepatitis C, Chronic"
C0150055,Chronic pain
C0014544,Epilepsy
C0029456,Osteoporosis
C0751956,Acute Cerebrovascular Accidents
C0011854,"Diabetes Mellitus, Insulin-Dependent"
C0010346,Crohn Disease
C0021311,Error: 404
C0018801,Heart failure
C0028754,Obesity
C0041296,Tuberculosis
C0024530,Malaria
C0026769,Multiple Sclerosis
C0007222,Cardiovascular Diseases
C0002895,"Anemia, Sickle Cell"
C0021390,Inflammatory Bowel Diseases
C0032460,Polycystic Ovary Syndrome
C0149931,Migraine Disorders
C0242350,Erectile dysfunction
C0271084,Exudative age-related macular degeneration
C0033860,Psoriasis
C0948089,Acute Coronary Syndrome
C0024117,Chronic Obstructive Airway Disease
C0008679,Chronic disease
C0524909,"Hepatitis B, Chronic"
C0017168,Gastroesophageal reflux disease
C0020676,Hypothyroidism
C0011615,"Dermatitis, Atopic"
C0702166,Acne
C0002871,Anemia
C0019196,Hepatitis C
C0029408,Degenerative polyarthritis
C0009324,Ulcerative Colitis
C0038454,Cerebrovascular accident
C0948008,Ischemic stroke
C0035220,"Respiratory Distress Syndrome, Newborn"
C0039082,Syndrome
C0524851,Neurodegenerative Disorders
C0017601,Glaucoma
C0019693,HIV Infections
C0011849,Diabetes Mellitus
C0001175,Acquired Immunodeficiency Syndrome
C0032987,Ectopic Pregnancy
C0020456,Hyperglycemia
C0730285,Macular edema due to diabetes mellitus
C0149871,Deep Vein Thrombosis
C0026691,Mucocutaneous Lymph Node Syndrome
C0020443,Hypercholesterolemia
C0678236,Rare Diseases
C1290884,Inflammatory disorder
C0032914,Pre-Eclampsia
C0162316,Iron deficiency anemia
C0151317,Chronic Infection
C0242339,Dyslipidemias
C0085207,Gestational Diabetes
C0018802,Congestive heart failure
C0155626,Acute myocardial infarction
C0004364,Autoimmune Diseases
C0018213,Graves Disease
C0002792,anaphylaxis
C0878773,Overactive Bladder
C0409959,"Osteoarthritis, Knee"
C0008312,Primary Biliary Cholangitis
C0041327,"Tuberculosis, Pulmonary"
C0036323,Schistosomiasis
C0271561,Somatotropin deficiency
C0027765,nervous system disorder
C0009450,Communicable Diseases
C0020542,Pulmonary Hypertension
C0595921,Disorder of intraocular pressure
C0024535,"Malaria, Falciparum"
C0029001,Onchocerciasis
C0242383,Age related macular degeneration
C0263338,Chronic Urticaria
C0003811,Cardiac Arrhythmia
C0085786,Hamman-Rich syndrome
C0024143,Lupus Nephritis
C0040261,Onychomycosis
C0024141,"Lupus Erythematosus, Systemic"
C0042029,Urinary tract infection
C0013295,Duodenal Ulcer
C0019061,Hemolytic-Uremic Syndrome
C0021400,Influenza
C0206526,"Tuberculosis, Multidrug-Resistant"
C0031069,Familial Mediterranean Fever
C0271051,Macular retinal edema
C0020503,"Hyperparathyroidism, Secondary"
C0010054,Coronary Arteriosclerosis
C5392833,Acute Ischemic Stroke
C0019069,Hemophilia A
C0023281,Leishmaniasis
C0018099,Gout
C0026946,Mycoses
C0333519,Caries (morphologic abnormality)
C1619734,Error: 404
C0020473,Hyperlipidemia
C0004623,Bacterial Infections
C0022661,"Kidney Failure, Chronic"
C0038013,Ankylosing spondylitis
C0020615,Hypoglycemia
C0011334,Dental caries
C0264716,Chronic heart failure
C0037274,Dermatologic disorders
C0032285,Pneumonia
C0242422,Parkinsonian Disorders
C0041234,Chagas Disease
C0018378,Guillain-Barre Syndrome
C0240066,Iron deficiency
C0010674,Cystic Fibrosis
C0002736,Amyotrophic Lateral Sclerosis
C0024790,Paroxysmal nocturnal hemoglobinuria
C0400966,Non-alcoholic Fatty Liver Disease
C0014175,Endometriosis
C0238013,Invasive aspergillosis
C0206178,Cytomegalovirus Retinitis
C0740394,Hyperuricemia
C0042769,Virus Diseases
C0578870,Chronic Spontaneous Urticaria
C0025517,Metabolic Diseases
C0003872,"Arthritis, Psoriatic"
C0035435,Rheumatism
C0020437,Hypercalcemia
C0019151,Hepatic Encephalopathy
C0020550,Hyperthyroidism
C0030920,Peptic Ulcer
C0553662,Error: 404
C0011880,Diabetic Ketoacidosis
C0023895,Liver diseases
C0026847,Spinal Muscular Atrophy
C0010823,Cytomegalovirus Infections
C0005940,Bone Diseases
C1800706,Idiopathic Pulmonary Fibrosis
C0022658,Kidney Diseases
C0042514,"Tachycardia, Ventricular"
C0027051,Myocardial Infarction
C0020514,Hyperprolactinemia
C1861172,Venous Thromboembolism
C0271790,Subclinical hypothyroidism
C0036690,Septicemia
C0022104,Irritable Bowel Syndrome
C0018799,Heart Diseases
C0085612,Ventricular arrhythmia
C0001144,Acne Vulgaris
C0010340,Critical Illness
C0155877,Allergic asthma
C0020619,Hypogonadism
C0029458,"Osteoporosis, Postmenopausal"
C0001206,Acromegaly
C0004153,Atherosclerosis
C0027092,Myopia
C0002103,Atopic rhinitis
C0007682,CNS disorder
C0162311,Androgenetic Alopecia
C0019163,Hepatitis B
C0025218,Chloasma
C0010068,Coronary heart disease
C0007787,Transient Ischemic Attack
C0041408,Turner Syndrome
C0031485,Phenylketonurias
C0035344,Retinopathy of Prematurity
C0751495,"Seizures, Focal"
C0042164,Uveitis
C0034065,Pulmonary Embolism
C0042384,Vasculitis
C0162836,Hidradenitis Suppurativa
C0003864,Arthritis
C0005747,Blepharospasm
C0013384,Dyskinetic syndrome
C0030807,Pemphigus
C0037769,West Syndrome
C0024115,Lung diseases
C0019202,Hepatolenticular Degeneration
C0035204,Respiration Disorders
C0085166,Bacterial Vaginosis
C0023290,"Leishmaniasis, Visceral"
C0018790,Cardiac Arrest
C0038220,Status Epilepticus
C0002874,Aplastic Anemia
C0272285,Heparin-induced thrombocytopenia
C0008533,Hemophilia B
C0019212,Hepatorenal Syndrome
C0011881,Diabetic Nephropathy
C1561643,Chronic Kidney Diseases
C0035258,Restless Legs Syndrome
C0033687,Proteinuria
C0013502,Echinococcosis
C0278152,Hemifacial Spasm
C0151744,Myocardial Ischemia
C0016053,Fibromyalgia
C0282193,Iron Overload
C0013537,Eclampsia
C0851578,Sleep Disorders
C0686347,Tardive Dyskinesia
C0085580,Essential Hypertension
C0276226,Herpes encephalitis
C0017178,Gastrointestinal Diseases
C0035305,Retinal Detachment
C0023343,Leprosy
C0006840,Candidiasis
C0034155,"Purpura, Thrombotic Thrombocytopenic"
C0032768,Postherpetic neuralgia
C0040028,"Thrombocythemia, Essential"
C0030809,Pemphigus Vulgaris
C0872054,Latent Infection
C0036262,Scabies infestation
C0041228,African Trypanosomiasis
C0020445,"Hypercholesterolemia, Familial"
C0022876,Premature Obstetric Labor
C0021359,Infertility
C0858318,Plasmodium falciparum infection
C0023283,"Leishmaniasis, Cutaneous"
C0004610,Bacteremia
C0151740,Intracranial Hypertension
C0027726,Nephrotic Syndrome
C0085413,"Polycystic Kidney, Autosomal Dominant"
C0085437,"Meningitis, Bacterial"
C0035222,"Respiratory Distress Syndrome, Adult"
C0029434,Osteogenesis Imperfecta
C0035309,Retinal Diseases
C0017665,Membranous glomerulonephritis
C0587044,Left ventricular thrombus
C0040997,Trigeminal Neuralgia
C0343386,Clostridium difficile infection
C0085278,Antiphospholipid Syndrome
C0267167,Nonulcer dyspepsia
C0019348,Herpes simplex infection
C0014547,"Epilepsies, Partial"
C0028840,Ocular Hypertension
C0036202,Sarcoidosis
C0271429,Acute otitis media
C0008370,Cholestasis
C0027873,Neuromyelitis Optica
C0042025,Urinary Stress Incontinence
C0338437,Neurocysticercosis
C0027430,Nasal Polyp
C0948265,Error: 404
C0007789,Cerebral Palsy
C1504336,Polypoidal Choroidal Vasculopathy
C0039483,Giant Cell Arteritis
C0014518,Toxic Epidermal Necrolysis
C0032994,"Pregnancy, Tubal"
C0028734,Nocturia
C0272286,Thrombocytopenia due to platelet alloimmunization
C0006111,Brain Diseases
C0206062,"Lung Diseases, Interstitial"
C0043092,Error: 404
C0009663,Condylomata Acuminata
C0339143,Graves Ophthalmopathy
C0021053,Immune System Diseases
C0600260,"Lung Diseases, Obstructive"
C0041318,"Tuberculosis, Meningeal"
C0002965,"Angina, Unstable"
C0239946,"Fibrosis, Liver"
C0085436,"Meningitis, Cryptococcal"
C1384514,Conn Syndrome
C0342543,Central Precocious Puberty
C0026896,Myasthenia Gravis
C0393819,"Polyradiculoneuropathy, Chronic Inflammatory Demyelinating"
C0035078,Kidney Failure
C1565489,Renal Insufficiency
C0042373,Vascular Diseases
C0002171,Alopecia Areata
C2931788,Atypical Hemolytic Uremic Syndrome
C0035235,Respiratory Syncytial Virus Infections
C0152171,Idiopathic pulmonary hypertension
C0003962,Ascites
C0241910,Autoimmune Chronic Hepatitis
C0040921,Trichomonas Infections
C1142276,Renal anemia
C0582415,Acute asthma
C0085096,Peripheral Vascular Diseases
C1290886,Chronic inflammatory disorder
C0341697,Error: 404
C0002170,Alopecia
C0038379,Strabismus
C0040250,Tinea Capitis
C0014869,Peptic Esophagitis
C0010308,Congenital Hypothyroidism
C0004943,Behcet Syndrome
C0035243,Respiratory Tract Infections
C0039240,Supraventricular tachycardia
C0238644,"Anemia, severe"
C0206525,"Tuberculosis, Drug-Resistant"
C0006666,Calciphylaxis
C0031099,Periodontitis
C0018133,Graft-vs-Host Disease
C0684275,"Hemophilia, NOS"
C0019360,Herpes zoster (disorder)
C0019572,Hirsutism
C0006287,Bronchopulmonary Dysplasia
C0011884,Diabetic Retinopathy
C0264714,Acute heart failure
C0023524,"Leukoencephalopathy, Progressive Multifocal"
C0029118,Opportunistic Infections
C0877445,Candidemia
C0030499,Parasitic Diseases
C0948245,Cytokine Release Syndrome
C0751967,"Multiple Sclerosis, Relapsing-Remitting"
C0017609,"Glaucoma, Neovascular"
C0024537,"Malaria, Vivax"
C0269285,Cervical pregnancy
C0030305,Pancreatitis
C0085109,Corneal Neovascularization
C0042510,Ventricular Fibrillation
C0037036,Sialorrhea
C0001622,Adrenal Gland Hyperfunction
C0017536,Giardiasis
C0027404,Narcolepsy
C0020557,Hypertriglyceridemia
C0042024,Urinary Incontinence
C0041466,Typhoid Fever
C0034069,Pulmonary Fibrosis
C0043117,Error: 404
C0038358,Gastric ulcer
C0037354,Smallpox
C0002892,"Anemia, Pernicious"
C1609538,Latent Tuberculosis
C0040558,Toxoplasmosis
C0339573,"Glaucoma, Primary Open Angle"
C0032305,Error: 404
C0236663,Alcohol withdrawal syndrome
C0031046,Pericarditis
C0598608,Hyperhomocysteinemia
C0042974,von Willebrand Disease
C0003850,Arteriosclerosis
C0008049,Chickenpox
C0398650,Immune thrombocytopenic purpura
C1384600,Systemic onset juvenile chronic arthritis
C0264490,Acute respiratory failure
C0566602,Primary sclerosing cholangitis
C0221406,Pituitary-dependent Cushing's disease
C0343401,Methicillin resistant Staphylococcus aureus infection
C0159020,Convulsions in the newborn
C0733682,"Hypophosphatemic Rickets, X-Linked Dominant"
C0013884,Filarial Elephantiases
C0020651,"Hypotension, Orthostatic"
C0035328,Retinal Vein Occlusion
C1536220,ST segment elevation myocardial infarction
C0740441,Acute diarrhea
C0020502,Hyperparathyroidism
C1321756,Achalasia
C0024894,Mastitis
C0040034,Thrombocytopenia
C0267919,Primary cholangitis
C0021775,Intermittent Claudication
C0017612,"Glaucoma, Open-Angle"
C0025637,Methemoglobinemia
C0036421,Systemic Scleroderma
C0751074,Diabetic Neuralgia
C1276092,Chronic hand eczema
C0013312,Dupuytren Contracture
C0039263,Takayasu Arteritis
C0700345,"Candidiasis, Vulvovaginal"
C0024591,Malignant hyperpyrexia due to anesthesia
C0042870,Vitamin D Deficiency
C0019156,Hepatic Veno-Occlusive Disease
C0020179,Huntington Disease
C0004030,Aspergillosis
C0019187,"Hepatitis, Alcoholic"
C0018081,Gonorrhea
C0085253,Adult-Onset Still Disease
C0700502,Acquired hypothyroidism
C0042580,Vesico-Ureteral Reflux
C0014553,Absence Epilepsy
C1336827,Tropical Disease
C0520679,"Sleep Apnea, Obstructive"
C0004031,"Aspergillosis, Allergic Bronchopulmonary"
C0012739,Disseminated Intravascular Coagulation
C0021364,Male infertility
C3241937,Nonalcoholic Steatohepatitis
C0238111,Lennox-Gastaut syndrome
C0014173,Endometrial Hyperplasia
C1609535,Invasive Candidiasis
C1960870,Transformed migraine
C0457949,Chronic low back pain
C0238284,Acute mountain sickness
C0221002,"Hyperparathyroidism, Primary"
C0040264,Tinnitus
C0011633,Dermatomyositis
C0041952,Ureterolithiasis
C0029453,Osteopenia
C0029134,Optic Neuritis
C0746102,Chronic lung disease
C0043167,Pertussis
C0000814,Missed abortion
C0037317,Sleep disturbances
C0036330,Schistosomiasis mansoni
C0010481,Cushing Syndrome
C0038525,Subarachnoid Hemorrhage
C1112209,Abdominal Infection
C0043352,Xerostomia
C0085652,Pyoderma Gangrenosum
C0151636,Premature ventricular contractions
C0238061,CHRONIC INFLAMMATORY POLYNEUROPATHY
C0919659,Oropharyngeal candidiasis
C1168250,Laryngopharyngeal Reflux
C1145670,Respiratory Failure
C0030848,Peyronie Disease
C0009319,Colitis
C0034013,Precocious Puberty
C0010666,Cystic acne
C1608973,Error: 404
C0850624,Heart Disease Risk Factors
C0235025,Peripheral motor neuropathy
C0019372,Herpesviridae Infections
C0041364,Tumor Lysis Syndrome
C0263678,Acute arthritis
C0010690,Error: 404
C0015652,Fascioliasis
C0040156,Thyrotoxicosis
C0343467,Erythema nodosum leprosum
C1262117,Fungal keratitis
C0030590,Paroxysmal supraventricular tachycardia
C0016470,Food Allergy
C0015397,Disorder of eye
C4687714,Steroid Refractory Graft Versus Host Disease
C0027849,Neuroleptic Malignant Syndrome
C0007194,Hypertrophic Cardiomyopathy
C0022660,"Kidney Failure, Acute"
C0038218,Status Asthmaticus
C0001125,"Acidosis, Lactic"
C0270736,Essential Tremor
C0034494,Rabies (disorder)
C0406482,Nodulocystic acne
C0235480,Paroxysmal atrial fibrillation
C0038034,Sporotrichosis
C0679225,multiple pathologies
C0019189,"Hepatitis, Chronic"
C0087086,Thrombus
C0033845,Pseudotumor Cerebri
C0027947,Neutropenia
C0027721,Lipoid nephrosis
C0027609,Neonatal Abstinence Syndrome
C0002986,Fabry Disease
C0745136,Hypertensive emergency
C0018889,Helminthiasis
C0012546,Diphtheria
C0007384,Cataplexy
C0025007,Measles
C0242584,Autoimmune thrombocytopenia
C1142536,Pneumonia caused by methicillin resistant Staphylococcus aureus
C0751122,Infantile Severe Myoclonic Epilepsy
C1269831,resistant infection
C0265110,Cerebral Vasospasm
C0151449,Primary Sjögren's syndrome
C0858321,Plasmodium vivax infection
C0022116,Ischemia
C0002880,Autoimmune hemolytic anemia
C0024291,"Lymphohistiocytosis, Hemophagocytic"
C0023886,"Liver Abscess, Amebic"
C0149516,Chronic sinusitis
C0024440,"Macular Edema, Cystoid"
C0022735,Klinefelter Syndrome
C0032897,Prader-Willi Syndrome
C0272322,Severe hereditary factor VIII deficiency disease
C0001511,Tissue Adhesions
C0000786,Spontaneous abortion
C0007193,"Cardiomyopathy, Dilated"
C0149756,"Fasciitis, Plantar"
C0021167,Incontinence
C0750197,Sustained ventricular tachycardia
C0458219,Complex Regional Pain Syndromes
C1096063,Drug Resistant Epilepsy
C0011848,Diabetes Insipidus
C0268381,Primary amyloidosis
C2973725,Pulmonary arterial hypertension
C0677607,Hashimoto Disease
C0086445,Idiopathic Membranous Glomerulonephritis
C0341106,Eosinophilic esophagitis
C0085681,Hyperphosphatemia (disorder)
C0743332,Focal Dystonia
C0559470,Allergy to peanuts
C0023976,Long QT Syndrome
C0019158,Hepatitis
C0403398,Steroid-Dependent Nephrotic Syndrome
C0011608,Dermatitis Herpetiformis
C0398623,Thrombophilia
C0005283,beta Thalassemia
C1142420,Error: 404
C0029443,Osteomyelitis
C0239295,Candidiasis of the esophagus
C1261469,Error: 404
C0032371,Poliomyelitis
C0008489,Chorea
C0002438,Amebiasis
C0020541,Portal Hypertension
C0035579,Rickets
C0000809,"Abortion, Habitual"
C0746883,Febrile Neutropenia
C0017661,IGA Glomerulonephritis
C0034902,Pure Red-Cell Aplasia
C0948441,Venoocclusive disease
C0002418,Amblyopia
C0019342,Genital Herpes
C0018621,Hay fever
C0442874,Neuropathy
C0085083,Ovarian Hyperstimulation Syndrome
C0376175,Bell Palsy
C0007820,Cerebrovascular Disorders
C0521173,Granulomatosis
C1264606,Persistent Infection
C0009088,Cluster Headache
C0025281,Meniere Disease
C0011630,Dermatomycoses
C0042109,Urticaria
C0154830,Proliferative diabetic retinopathy
C0343804,Chronic Chagas' disease
C0006849,Oral candidiasis
C2747816,Complicated malaria
C0002726,Amyloidosis
C2717865,Anti-Neutrophil Cytoplasmic Antibody-Associated Vasculitis
C0079487,Helicobacter Infections
C0009377,Colonic Pseudo-Obstruction
C0019357,"Keratitis, Herpetic"
C0271650,Impaired glucose tolerance (disorder)
C0043116,HMN (Hereditary Motor Neuropathy) Proximal Type I
C0949690,Spondylarthritis
C0403425,Error: 404
C0043121,Wernicke Encephalopathy
C0878544,Cardiomyopathies
C0006309,Brucellosis
C0267055,Erosive esophagitis
C0019247,Hereditary Diseases
C1277187,Left ventricular systolic dysfunction
C1260710,Acute ulcerative colitis
C0029882,Otitis Media
C1444855,Error: 404
C0006271,Bronchiolitis
C0023890,Liver Cirrhosis
C1704272,Benign Prostatic Hyperplasia
C0000821,Threatened abortion
C0016167,Anal Fissure
C0007785,Cerebral Infarction
C0235329,Small bowel obstruction
C0031090,Periodontal Diseases
C0038463,Strongyloidiasis
C0001824,Agranulocytosis
C0553576,Systemic mycosis
C0009443,Common Cold
C0341439,Chronic liver disease
C2717961,Thrombotic Microangiopathies
C0730345,Microalbuminuria
C0040188,Tic disorder
C0917799,Hypersomnia
C0747256,Error: 404
C0024534,"Malaria, Cerebral"
C2936328,Neglected Diseases
C0029401,Osteitis Deformans
C0034735,Raynaud Phenomenon
C0041227,Trypanosomiasis
C0016627,Influenza in Birds
C0035455,Rhinitis
C0398686,Primary immune deficiency disorder
C0740391,Middle Cerebral Artery Occlusion
C0032749,Post-kala-azar dermal leishmaniasis
C0154841,Central retinal vein occlusion
C0149721,Left Ventricular Hypertrophy
C0036916,Sexually Transmitted Diseases
C0015934,Fetal Growth Retardation
C0022408,Arthropathy
C0238067,"Colitis, Collagenous"
C0276926,Schistosoma hematobium infection
C0001627,Congenital adrenal hyperplasia
C0262380,Asymptomatic bacteriuria
C0011636,Dermatophytosis
C0010380,Croup
C0022578,Keratoconus
C0002066,Alkaptonuria
C2363973,Chronic thromboembolic pulmonary hypertension
C0036205,"Sarcoidosis, Pulmonary"
C0026918,Mycobacterium Infections
C0026393,Molluscum Contagiosum
C0020625,Hyponatremia
C0856169,Endothelial dysfunction
C0021116,Error: 404
C0949691,Spondylarthropathies
C0039445,Hereditary hemorrhagic telangiectasia
C0008677,"Bronchitis, Chronic"
C0234119,Neuromuscular inhibition
C0019099,"Hemorrhagic Fever, Crimean"
C0020459,Hyperinsulinism
C0442867,malignant disease
C0011269,"Dementia, Vascular"
C3203547,Axial Spondyloarthritis
C0263353,Prurigo nodularis
C0041909,Upper gastrointestinal hemorrhage
C0010709,Cyst
C0949083,Hospital acquired pneumonia
C3839346,Heart failure with reduced ejection fraction
C0022568,Keratitis
C1272017,At increased risk of osteoporotic fracture
C2711256,Ischemic priapism
C1562029,Hormone receptor positive malignant neoplasm of breast
C0376358,Malignant neoplasm of prostate
C0334634,Error: 404
C1306835,Periarthritis of shoulder
C0004604,Back Pain
C0006277,Bronchitis
C0042487,Venous Thrombosis
C0917801,Sleeplessness
C0271152,Malignant glaucoma
C0085649,Peripheral edema
C0149893,Secondary glaucoma
C0013604,Edema
C0017605,Angle Closure Glaucoma
C0002351,Altitude Sickness
C0029878,Otitis Externa
C0033975,Psychotic Disorders
C0017152,Gastritis
C0011268,Senile dementia
C0006267,Bronchiectasis
C0392164,Pulmonary Cystic Fibrosis
C0524662,Opiate Addiction
C0392171,Influenza-like symptoms
C0040460,Toothache
C0393735,Headache Disorders
C0037195,Sinus headache
C0003862,Arthralgia
C0349719,Herpes simplex infection of skin
C1274323,Recurrent genital herpes simplex
C0019345,Herpes Labialis
C1274321,Recurrent herpes simplex labialis
C0020476,Hyperlipoproteinemias
C0035460,"Rhinitis, Vasomotor"
C0027424,Nasal congestion (finding)
C1260880,Rhinorrhea
C0009766,Allergic Conjunctivitis
C0037383,Sneezing
C2607914,Allergic rhinitis (disorder)
C0406317,Chronic small plaque psoriasis
C0339317,Non-infectious anterior uveitis
C0162568,Erythropoietic Protoporphyria
C1960925,Epidermal growth factor receptor positive non-small cell lung cancer
C0339498,Central retinal vein occlusion with macular edema
C0339507,Branch retinal vein occlusion with macular edema
C1282500,metastasis from malignant neoplasm of colon
C0339933,Acute bacterial bronchitis
C1263758,Female genital tract infection
C0392618,Postoperative infection
C0276026,Haemophilus influenzae pneumonia
C0155860,Pneumonia caused by Pseudomonas
C0155862,Streptococcal pneumonia
C0339932,Acute Moraxella catarrhalis bronchitis
C0032302,Mycoplasma pneumonia
C0153195,Acute gonococcal cervicitis
C0275665,Gonorrhea of rectum
C0275652,Acute gonococcal urethritis
C0032308,Staphylococcal Pneumonia
C0153196,Acute gonococcal endometritis
C0343402,Bacterial infection caused by Klebsiella pneumoniae
C0275556,Acute bacterial sinusitis
C0276089,Pneumonia caused by Escherichia coli
C0339959,Chlamydial pneumonia
C0520777,Chlamydial pelvic inflammatory disease
C0153289,Echinococcus granulosus infection of liver
C0153290,Echinococcus granulosus infection of lung
C0152068,Echinococcus granulosus infection
C0030193,Pain
C0011616,Contact Dermatitis
C0015230,Exanthema
C0079773,"Lymphoma, T-Cell, Cutaneous"
C0033775,Pruritus Ani
C0149922,Lichen Simplex Chronicus
C0085074,Granuloma Annulare
C0036508,Seborrheic dermatitis
C0406326,Psoriasis of scalp
C0024138,Chronic discoid lupus erythematosus
C0033777,Pruritus of genital organs
C0023467,"Leukemia, Myelocytic, Acute"
C0278678,Metastatic Renal Cell Cancer
C0860594,"Malignant melanoma, metastatic"
C0035086,Renal Osteodystrophy
C0020626,Hypoparathyroidism
C0342634,Neonatal hypocalcemia
C1739363,Prostatic Hypertrophy
C0018834,Heartburn
C0013395,Dyspepsia
C1961835,"Gaucher Disease, Type 1"
C0342751,Generalized glycogen storage disease of infants
C0002994,Angioedema
C0343065,Dermatographic urticaria
C0033774,Pruritus
C0023817,Hyperlipoproteinemia Type I
C3875286,Complex dyslipidemia
C0342882,Familial hypercholesterolemia - heterozygous
C0423775,Scurfiness of scalp
C0152030,Skin irritation
C1959799,Calcium renal calculus
C0003868,"Arthritis, Gouty"
C0558595,Uric acid renal calculus
C0348898,Irritable bowel syndrome with diarrhea
C4708088,"Germline BRCA-mutated, HER2-negative metastatic breast cancer"
C0003467,Anxiety
C0338908,Mixed anxiety and depressive disorder
C0270549,Generalized Anxiety Disorder
C0242855,Congenital atresia of pulmonary valve
C0243002,Tricuspid Atresia
C0003492,Aortic coarctation
C0039685,Tetralogy of Fallot
C1140680,Malignant neoplasm of ovary
C0020458,Hyperhidrosis (disorder)
C0400877,Postoperative ileus
C0015371,Extrapyramidal Disorders
C2711180,Influenza caused by Influenza A virus
C0030568,"Parkinson Disease, Postencephalitic"
C0242429,Sore Throat
C0022972,Lambert-Eaton Myasthenic Syndrome
C0014347,Enterobacteriaceae Infections
C0349774,Diverticulitis of gastrointestinal tract
C0276075,Infection caused by Pseudomonas aeruginosa
C0729524,Bacterial urinary infection
C0577690,Proteus septicemia
C0276088,Escherichia coli septicemia
C0339968,Neonatal pneumonia
C2242472,Infection of bone
C0456107,Neonatal meningitis
C0157749,Arthropathy associated with infection
C0004626,"Pneumonia, Bacterial"
C0035468,Rhinoscleroma
C0008311,Cholangitis
C0152965,Staphylococcal sepsis
C2887096,Sepsis due to Pseudomonas
C1719906,Meningitis caused by Klebsiella aerogenes
C0154640,Staphylococcal meningitis
C0085394,Serratia Infections
C0014836,Escherichia coli Infections
C3163829,Sepsis caused by Gram negative bacteria
C1260917,Proteus pneumonia
C0338396,Proteus meningitis
C0338395,"Meningitis, Escherichia coli"
C0152973,Serratia sepsis
C0577708,Urinary tract infection caused by Escherichia coli
C0456103,Sepsis of the newborn
C4076057,Urinary tract infection caused by Klebsiella
C0854215,Bacterial meningitis caused by Gram-negative bacteria
C0854248,Pneumonia caused by Gram negative bacteria
C0684256,Bacterial sepsis
C0011581,Depressive disorder
C1527383,Morphea
C0011644,Scleroderma
C0346993,Secondary malignant neoplasm of female breast
C0022602,Actinic keratosis
C0275959,Acute tuberculosis
C0221765,Chronic schizophrenia
C0520909,Postoperative Nausea and Vomiting
C0038363,Aphthous Stomatitis
C0002963,"Angina Pectoris, Variant"
C0002962,Angina Pectoris
C0475811,Disorder of keratinization
C0010200,Coughing
C0151908,Dry skin
C0231403,Severe anxiety (panic)
C0149725,Lower respiratory tract infection
C0554628,Group A Streptococcal Infections
C2349530,Pneumonia caused by Staphylococcus aureus
C0031350,Pharyngitis
C0856695,Acute exacerbation of chronic bronchitis
C0519030,Pneumonia due to Klebsiella pneumoniae
C1318973,Staphylococcus aureus infection
C0275794,Staphylococcal pharyngitis
C0275804,Streptococcal tonsillitis
C0343378,Helicobacter-associated gastritis
C0275793,Staphylococcal tonsillitis
C0520775,Klebsiella cystitis
C0729586,Infective otitis media
C0043388,Yaws
C0276653,Invasive Pulmonary Aspergillosis
C0009186,Coccidioidomycosis
C0151874,Fungal infection of lung
C0085438,"Meningitis, Fungal"
C0019655,Histoplasmosis
C0035021,Relapsing Fever
C0018190,Granuloma Inguinale
C0149966,Gonorrhea of pharynx
C0029291,Psittacosis
C0035793,Rocky Mountain Spotted Fever
C0276688,Pulmonary cryptococcosis
C0037199,Sinusitis
C0034362,Q Fever
C1997322,Chlamydia trachomatis infection of genital structure
C0039128,Syphilis
C0349009,Septicemia candida
C2960008,Fungal septicemia
C0006846,Cutaneous Candidiasis
C0005716,Blastomycosis
C0024286,Lymphogranuloma Venereum
C0153256,Candidal meningitis
C0153254,Candidal endocarditis
C0276725,Disseminated sporotrichosis
C0276648,Mycotic endocarditis
C0011974,Diaper Rash
C0001261,Actinomycosis
C0003175,Anthrax disease
C0040592,Trachoma
C0149704,Gingivostomatitis
C0035597,Rickettsialpox
C0275555,Acute bacterial epiglottitis
C0155814,Acute epiglottitis
C0588233,Septicemia due to enterococcus
C0341503,Bacterial peritonitis
C0014121,Bacterial Endocarditis
C2887088,Sepsis caused by Staphylococcus aureus
C0152486,Salmonella sepsis
C0520767,Staphylococcal endocarditis
C0152964,Streptococcal sepsis
C0025295,"Meningitis, Pneumococcal"
C0013371,Shigella Infections
C0025294,Meningococcal meningitis
C0275761,Pneumococcal pharyngitis
C0577709,Proteus urinary tract infection
C0030528,Paratyphoid Fever
C0581377,Decompensated cardiac failure
C0238080,Toxic effect of cyanide
C2316212,Cryopyrin-Associated Periodic Syndromes
C0409818,"Chronic Infantile Neurological, Cutaneous, and Articular Syndrome"
C0570328,Direct acting anticoagulant adverse reaction
C0271932,Anemia of chronic renal failure
C0020649,Hypotension
C0235267,Redness of eye
C0686068,Metastatic malignant neoplasm to stomach
C0155749,Arterial embolus and thrombosis
C1321482,Behçet's disease affecting oral mucosa
C0401160,Chemotherapy-induced nausea and vomiting
C0428974,Supraventricular arrhythmia
C0019080,Hemorrhage
C0034067,Pulmonary Emphysema
C0270425,Bipolar disorder in remission
C0004352,Autistic Disorder
C0236780,Mixed bipolar I disorder
C0338873,"Bipolar affective disorder, current episode manic"
C0036341,Schizophrenia
C0023479,Acute myelomonocytic leukemia
C0003969,Ascorbic Acid Deficiency
C1623040,Breastfeeding (mother)
C0020630,Hypophosphatasia
C0020621,Hypokalemia
C0013264,"Muscular Dystrophy, Duchenne"
C0007138,"Carcinoma, Transitional Cell"
C4303663,Extensive stage primary small cell carcinoma of lung
C0278987,Metastatic non-small cell lung cancer
C0020474,"Hyperlipidemia, Familial Combined"
C0020479,Hyperlipoproteinemia Type III
C0342881,Homozygous Familial Hypercholesterolemia
C3495559,Juvenile arthritis
C0238198,Gastrointestinal Stromal Tumors
C0007129,Merkel cell carcinoma
C0034186,Pyelonephritis
C0007134,Renal Cell Carcinoma
C0035854,Rosacea
C2733595,Pulmonary Mycobacterium avium complex infection
C1278807,Chlamydial urethritis
C0007947,Chancroid
C0009768,Bacterial conjunctivitis
C1261256,Pelvic inflammatory disease caused by Metamycoplasma hominis
C0032290,Aspiration Pneumonia
C0031154,Peritonitis
C0014179,Endometritis
C0010032,Corneal Abrasions
C0854211,Bacterial keratitis
C0005743,Blepharoconjunctivitis
C0729587,Infective blepharitis
C1562430,Muscle spasticity of spinal origin
C0238217,Renal transplant rejection
C0600142,Hot flushes
C0406526,Neuropathic ulcer of foot due to diabetes mellitus
C0079774,Peripheral T-Cell Lymphoma
C0007131,Non-Small Cell Lung Carcinoma
C0543822,Atherosclerotic occlusive disease
C0024301,"Lymphoma, Follicular"
C0271638,Type 2 diabetes mellitus in obese
C0233523,Antisocial behavior
C1527407,Eosinophilic Pneumonia
C0849907,Itching of ear
C1320547,Allergic otitis externa
C0014733,Erysipelas
C0036285,Scarlet Fever
C0038395,Streptococcal Infections
C0040252,Tinea corporis (disorder)
C0040259,Tinea Pedis
C0220994,Hyperammonemia (disorder)
C0396072,Laryngeal papillomatosis
C0343532,Streptococcal toxic shock syndrome
C0006057,Botulism
C0153216,Gonococcal joint infection
C0039131,"Syphilis, Congenital"
C0027927,Neurosyphilis
C0149985,"Syphilis, secondary"
C0030636,Pasteurella Infections
C1260911,Infection by Pasteurella multocida
C0001263,Abdominal actinomycosis
C0153240,Latent yaws
C0039614,Tetanus
C1276801,Infection due to Erysipelothrix rhusiopathiae (disorder)
C0003177,Cutaneous anthrax
C1260915,Late latent syphilis
C0348868,Listerial endocarditis
C0034686,Rat-Bite Fever
C0154639,Streptococcal meningitis
C0039133,"Syphilis, Latent"
C0275566,Pulmonary actinomycosis
C0041912,Upper Respiratory Infections
C0152946,Anthrax sepsis
C0031946,Pinta
C0004945,Bejel
C0264515,"Pneumonia, Necrotizing"
C0001264,Cervicofacial actinomycosis
C0024110,Lung Abscess
C0153188,"Syphilis, tertiary"
C0017418,Primary genital syphilis
C0275842,"Early latent syphilis, positive serology, negative cerebrospinal fluid, less than 2 years after infection"
C1318559,Fusospirochetal pharyngitis
C0343500,Gas gangrene caused by clostridium perfringens
C0025293,"Meningitis, Listeria"
C0152945,Gastrointestinal anthrax
C0343833,Tertiary lesion of yaws
C0155866,Inhalational anthrax
C0025306,Meningococcal Septicemia
C0019880,Homocystinuria
C0600041,Infective cystitis
C0010692,Cystitis
C0345468,Transplanted organ rejection
C0006114,Cerebral Edema
C0036830,Serum Sickness
C0019829,Hodgkin Disease
C0006444,Bursitis
C0014742,Erythema Multiforme
C0405580,Adrenal cortical hypofunction
C0154301,Acquired thrombocytopenia
C0149911,Humoral hypercalcemia of malignancy (disorder)
C0039503,Tendinitis
C0011606,Exfoliative dermatitis
C0039103,Synovitis
C0023052,Laryngeal Edema
C0026948,Mycosis Fungoides
C0242459,Simple Pulmonary Eosinophilia
C0014488,Epicondylitis
C0040896,Trichinellosis
C0023449,Acute lymphocytic leukemia
C0151467,Addisonian crisis
C0041321,"Tuberculosis, Miliary"
C0036271,Scalp Dermatoses
C0001403,Addison Disease
C1384589,Tinea cruris
C0035439,Rheumatic Heart Disease
C1260899,"Anemia, Diamond-Blackfan"
C1761609,Aspiration pneumonitis
C2894027,Post traumatic osteoarthritis
C0005138,Berylliosis
C0701163,Adrenogenital disorder
C0026857,Musculoskeletal Diseases
C0040147,Thyroiditis
C0024305,"Lymphoma, Non-Hodgkin"
C0039520,Tenosynovitis
C0080274,Urinary Retention
C1960639,At increased risk of venous thromboembolus
C0346974,Metastatic malignant neoplasm to colon
C2585890,Nonsquamous nonsmall cell neoplasm of lung
C1621958,Glioblastoma Multiforme
C0302592,Cervix carcinoma
C0153467,Malignant tumor of peritoneum
C0346161,Malignant epithelial tumor of ovary
C0153579,Malignant neoplasm of fallopian tube
C4722085,Malignant neoplasm of colon and/or rectum
C0155213,Hypertrichosis of eyelid
C2937225,Biotin deficiency disease
C0426639,Incomplete passage of stool
C0009806,Constipation
C0011991,Diarrhea
C0347950,Asthma attack
C0007847,Malignant tumor of cervix
C0079744,Diffuse Large B-Cell Lymphoma
C0278996,Malignant Head and Neck Neoplasm
C0153601,Malignant neoplasm of penis
C1272826,FIGO stage finding for vulvar carcinoma
C0349636,Pre B-cell acute lymphoblastic leukemia
C0005699,Blast Phase
C0020594,Hypoactive Sexual Desire Disorder
C1275317,Anaplastic large T-cell systemic malignant lymphoma
C0221074,"Depression, Postpartum"
C1269683,Major Depressive Disorder
C0026603,Motion Sickness
C1960764,Crohn's disease in remission
C2215257,"Postoperative Pain, Acute"
C0278140,Severe pain
C0028043,Nicotine Dependence
C0085159,Seasonal Affective Disorder
C3536984,"Vitamin D-Resistant Rickets, X-Linked"
C0005697,Neurogenic Urinary Bladder
C0403643,Error: 404
C0085606,Urgency of micturition
C0150045,Urge Incontinence
C0033893,Tension Headache
C0040262,Tinea Versicolor
C0474368,Labor Pain
C0238462,Medullary carcinoma of thyroid
C0042376,Vascular Headaches
C0026838,Muscle Spasticity
C0013390,Dysmenorrhea
C0232058,Apnea in newborn
C1531702,Acute lymphoblastic leukemia - category
C0020598,Hypocalcemia
C0085682,Hypophosphatemia
C1704431,Disorder of electrolytes
C0151714,Hypermagnesemia
C0020461,Hyperkalemia
C0151940,Hypocalcemic tetany
C0342938,Pantothenic acid deficiency
C0677659,Gastro-esophageal reflux disease with esophagitis
C0342731,Deficiency of mevalonate kinase
C1275126,TNF receptor-associated periodic fever syndrome (TRAPS)
C0006852,Candidiasis of vagina
C0024623,Malignant neoplasm of stomach
C0027796,Neuralgia
C0003469,Anxiety Disorders
C1997351,Left ventricular cardiac dysfunction
C0494475,Tonic-Clonic Seizures
C2711653,Epilepsy characterized by intractable complex partial seizures
C0234974,Simple Partial Seizures
C0154731,Glossopharyngeal Neuralgia
C0014549,Tonic-Clonic Epilepsy
C0021092,Impacted cerumen
C0033581,prostatitis
C0151970,Ulcer of esophagus
C0042135,Uterine Inertia
C0032797,Postpartum Hemorrhage
C0156543,Unspecified Abortion
C2349261,Relapse multiple myeloma
C0007102,Malignant tumor of colon
C0153633,Malignant neoplasm of brain
C0026764,Multiple Myeloma
C0349543,Brain Glioblastoma
C2584877,Error: 404
C0040425,Tonsillitis
C1997728,Osteomyelitis caused by Staphylococcus aureus
C0029076,Ophthalmia Neonatorum
C1692886,"Arthritis, Bacterial"
C1096562,Peptostreptococcus infection
C0243001,Abdominal Abscess
C0349734,Female pelvic cellulitis
C0276064,Sepsis caused by Bacteroides
C0155804,Acute maxillary sinusitis
C0276085,Ecthyma gangrenosum
C0153225,Gonococcal meningitis
C0025289,Meningitis
C0153227,Gonococcal endocarditis
C0021099,Impetigo
C0024198,Lyme Disease
C0007137,Squamous cell carcinoma
C0339296,Neurotrophic keratitis
C0022340,Late-Infantile Neuronal Ceroid Lipofuscinosis
C0585362,Squamous cell carcinoma of mouth
C3163899,Squamous cell carcinoma of nose
C1319317,Squamous cell carcinoma of pharynx
C0280324,Laryngeal Squamous Cell Carcinoma
C0008350,Cholelithiasis
C0035585,Rickettsia Infections
C0006060,Boutonneuse Fever
C0162627,"Skin Diseases, Bacterial"
C0036117,Salmonella infections
C0001957,Alcohol Withdrawal Delirium
C0017574,Gingivitis
C0025323,Menorrhagia
C0024536,Quartan malaria
C0152072,Ovale malaria
C0745138,Hypertensive Urgency
C0027498,Nausea and vomiting
C0162565,Acute intermittent porphyria
C0012734,Disruptive Behavior Disorder
C0005424,Biliary Tract Diseases
C0342826,Error: 404
C0342827,Error: 404
C0238052,"Xanthomatosis, Cerebrotendinous"
C0473527,Hypoalphalipoproteinemias
C0015967,Fever
C0242362,Error: 404
C0013238,Dry Eye Syndromes
C0022575,Keratoconjunctivitis Sicca
C0043515,Zollinger-Ellison syndrome
C0221013,"Mastocytosis, Systemic"
C0027662,Multiple Endocrine Neoplasia
C0042571,Vertigo
C0027497,Nausea
C0021355,Infective otitis externa
C0275550,Acute bacterial peritonitis
C0395818,Malignant otitis externa caused by Pseudomonas aeruginosa
C0013369,Dysentery
C0158371,Acute osteomyelitis
C0275982,Enteric campylobacteriosis
C0014356,Enterocolitis
C0854328,Infection caused by anaerobic bacteria
C0152967,Septicemia due to anaerobes
C0014013,"Empyema, Pleural"
C3875321,Inflammatory dermatosis
C0085656,Nummular eczema
C0013595,Eczema
C0850149,Dry cough
C1563054,Dapsone resistant leprosy
C1562585,"Leprosy, Multibacillary"
C0021361,Female infertility
C0270846,Atonic seizure
C0014550,Myoclonic Epilepsy
C1263846,Attention deficit hyperactivity disorder
C1303258,Acute ST segment elevation myocardial infarction (disorder)
C0542269,Non-Q wave myocardial infarction
C0007780,Cerebral Embolism
C0040038,Thromboembolism
C0003125,Anorexia Nervosa
C0042847,Vitamin B 12 Deficiency
C0268108,Chronic gouty arthritis
C1510471,Vitamin Deficiency
C0029442,Osteomalacia
C0410065,"Dupuytren's disease of finger, with contracture"
C2733598,Disorder of lumbar disc
C0398775,Hereditary C1 esterase inhibitor deficiency - deficient factor
C1384606,Dyspareunia
C0581392,Exacerbation of multiple sclerosis
C0038325,Stevens-Johnson Syndrome
C0423234,Punctate keratopathy
C1275687,Herpes zoster keratitis
C0033246,Proctitis
C0019112,Hemorrhoids
C0010043,Corneal Ulcer
C0022073,Iridocyclitis
C2937222,Chronic ulcerative proctitis
C0022081,Iritis
C0010543,Cyclitis
C4708695,Vaso-occlusive pain episode in sickle cell disease
C0267436,Non-infective diarrhea
C0009769,"Conjunctivitis, Giant Papillary"
C0009773,"Conjunctivitis, Vernal"
C0022577,"Keratoconjunctivitis, Vernal"
C0151482,Megaloblastic anemia due to folate deficiency
C0235238,Cycloplegia
C0026961,Mydriasis
C0027819,Neuroblastoma
C0035335,Retinoblastoma
C0237963,Poisoning caused by acetaminophen
C1704231,Metastatic Malignant Neoplasm to the Leptomeninges
C0023487,Acute Promyelocytic Leukemia
C1135868,Gestational Trophoblastic Neoplasms
C0027708,Nephroblastoma
C0035412,Rhabdomyosarcoma
C0553580,Ewings sarcoma
C0153594,Malignant neoplasm of testis
C0038166,Staphylococcal Skin Infections
C0016034,Breast Fibrocystic Disease
C1960924,Right-sided Staphylococcus aureus endocarditis
C0472713,Anemia of renal disease
C4708167,Anemia due to and following chemotherapy
C1328504,Hormone refractory prostate cancer
C0023474,"Leukemia, Myeloid, Chronic-Phase"
C0023465,Acute monocytic leukemia
C0023440,Acute Erythroblastic Leukemia
C0036220,Kaposi Sarcoma
C0412842,Poisoning by iron AND/OR its compounds
C0264115,Drug-induced osteoporosis
C0424620,Excess subcutaneous fat
C0149526,Allergic urticaria
C0032617,Polyuria
C0022548,Keloid
C0349790,Exacerbation of asthma
C0259799,Punctate keratitis
C0042165,Anterior uveitis
C0006413,Burkitt Lymphoma
C0339293,Corneal Perforation
C0236830,Neuroleptic-induced parkinsonism
C0152020,Gastroparesis
C0030446,Paralytic Ileus
C0263283,Contact dermatitis caused by urushiol from Pacific poison oak
C1444173,Arthropod bite wound
C2316460,Pseudobulbar affect
C0021670,insulinoma
C0027773,Nesidioblastosis
C0158266,Intervertebral Disc Degeneration
C0040185,Tibial Fractures
C0043037,Verrucous Lesion
C0040053,Thrombosis
C0156393,Atrophy of vulva
C0221392,Atrophic Vaginitis
C0013882,Elephantiasis
C0023968,Loiasis
C0274726,Poisoning caused by Digitalis glycoside
C0497327,Dementia
C0039621,Tetany
C0042963,Vomiting
C0311375,Arsenic Poisoning
C0261486,Accidental poisoning by lead and its compounds and fumes
C0282488,Interstitial Cystitis
C0549315,"Hydatidiform mole, benign"
C0000810,Incomplete spontaneous abortion
C0151907,Discoloration of skin
C0006266,Bronchospasm
C1273489,Asthma night-time symptoms
C4038730,Asthma-Chronic Obstructive Pulmonary Disease Overlap Syndrome
C0241705,Difficulty passing urine
C0149523,Acute cystitis
C0036980,"Shock, Cardiogenic"
C0678222,Breast Carcinoma
C0600177,Low Cardiac Output Syndrome
C1632842,Complicated appendicitis
C0008325,Cholecystitis
C0235063,Respiratory Depression
C0005587,"Depression, Bipolar"
C0270458,Severe major depression with psychotic features
C1306632,Primary malignant neoplasm of gastrointestinal tract
C3163805,Malignant epithelial neoplasm of female breast
C0585442,Osteosarcoma of bone
C0276535,AIDS with Kaposi's sarcoma
C0242379,Malignant neoplasm of lung
C0007115,Malignant neoplasm of thyroid
C0041472,Endemic Flea-Borne Typhus
C0008354,Cholera
C0041351,Tularemia
C1112709,non-gonococcal urethritis (NGU)
C0340354,Q fever endocarditis
C0006181,Brill-Zinsser Disease
C0023860,Listeriosis
C0041473,"Typhus, Epidemic Louse-Borne"
C0153193,Acute gonococcal epididymo-orchitis
C0004771,Bartonella Infections
C0008149,Chlamydia Infections
C0520676,Premenstrual Dysphoric Disorder
C0006142,Malignant neoplasm of breast
C0038437,Female stress incontinence
C0740447,Diabetic peripheral neuropathy
C0023434,Chronic Lymphocytic Leukemia
C0855095,Small Lymphocytic Lymphoma
C0019243,"Angioedemas, Hereditary"
C0271093,Stargardt's disease
C0014877,Esotropia
C2919522,Congenital hemolytic uremic syndrome
C0013922,Embolism
C1274470,Onychomycosis of toenails
C0276755,Onychomycosis caused by Trichophyton mentagrophytes
C0272230,SCID (severe combined immunodeficiency) due to absent adenosine deaminase
C0017205,Gaucher Disease
C0401149,Chronic constipation
C0086651,"Mucopolysaccharidosis, MPS-IV-A"
C0272293,Chronic idiopathic thrombocytopenic purpura
C0272199,Familial Hemophagocytic Lymphocytosis
C3698411,Asymptomatic left ventricular systolic dysfunction
C4288754,Metastatic urothelial carcinoma
C4302554,Reactive oxygen species 1 positive non-small cell lung cancer
C5192106,Solid neoplasm with neurotrophic receptor tyrosine kinase gene fusion
C0011882,Diabetic Neuropathies
C0037763,Spasm
C0013404,Dyspnea
C0043144,Wheezing
C1561828,Anemia in chronic kidney disease
C1998329,Anemia due to chemotherapy
C0040015,Thrombasthenia
C0015503,Factor VII Deficiency
C0016665,"Fractures, Ununited"
C0023827,liposarcoma
C0281361,Adenocarcinoma of pancreas
C0269398,Miscarriage with sepsis
C0009770,Inclusion conjunctivitis
C0014752,Erythrasma
C0019147,Hepatic Coma
C3661921,Perioperative hypertension
C0520577,Urethral atrophy
C0271578,Female hypogonadism syndrome
C0033578,Prostatic Neoplasms
C0029396,Heterotopic Ossification
C0149925,Small cell carcinoma of lung
C0241961,Angiomyolipoma of kidney
C0041341,Tuberous Sclerosis
C0342907,Sitosterolemia
C0917798,Cerebral Ischemia
C4304383,Influenza caused by pandemic influenza virus
C0026987,Myelofibrosis
C0024588,Malignant essential hypertension
C0158996,Anemia of prematurity
C0006434,Burn injury
C0043250,Traumatic Wound
C0034886,Rectal pain
C0014358,"Enterocolitis, Pseudomembranous"
C1827687,Chemotherapy induced neutropenia
C0340970,Congenital neutropenia
C0221023,Cyclic neutropenia
C2267231,Chronic idiopathic neutropenia
C0149948,Acute otitis externa
C0241310,Suprapubic pain
C0013428,Dysuria
C0741292,Paroxysmal atrial flutter
C0184567,Acute onset pain
C0345904,Malignant neoplasm of liver
C0006848,Mucocutaneous candidiasis
C0153252,Systemic candidiasis
C0008526,Choroiditis
C0862889,Superficial basal cell carcinoma
C2267227,Bulimia Nervosa
C0030319,Panic Disorder
C0028326,Noonan Syndrome
C0151721,Testicular hypogonadism
C0010417,Cryptorchidism
C0342527,Deficiency of testosterone biosynthesis
C0034012,Delayed Puberty
C2936781,Generalized Myotonia of Thomsen
C0155880,Intrinsic asthma
C0031572,"Phobia, Social"
C0687148,Mineral deficiency
C0016412,Folic Acid Deficiency
C0261439,Accidental poisoning by methyl alcohol
C0524702,Pulmonary Thromboembolisms
C0155919,Acute pulmonary edema
C0016867,Furunculosis
C0022573,Keratoconjunctivitis
C0032269,Pneumococcal Infections
C0010930,Dacryocystitis
C0549398,Meibomianitis
C0038160,Staphylococcal Infections
C0030578,Paronychia (disorder)
C0016436,Folliculitis
C0036472,Scrub Typhus
C0026709,Mucopolysaccharidosis VI
C0022570,"Keratitis, Dendritic"
C0729772,Infective laryngitis
C0031157,Peritonsillar Abscess
C0162533,"Porphyrias, Hepatic"
C0005683,Urinary bladder stone (disorder)
C0036992,Short Bowel Syndrome
C0154246,"Urea Cycle Disorders, Inborn"
C0002453,Amenorrhea
C2349994,Tinea barbae
C0040517,Gilles de la Tourette syndrome
C0564750,Peripheral arterial embolism
C0000880,Acanthamoeba Keratitis
C0238425,Hemoglobin SS disease with crisis
C0025202,melanoma
C0085610,Sinus bradycardia
C0024419,Waldenstrom Macroglobulinemia
C0867389,Chronic graft-versus-host disease
C0272373,Drug-induced coagulation inhibitor disorder
C0917796,"Optic Atrophy, Hereditary, Leber"
C0026705,Mucopolysaccharidosis II
C0346421,Chronic eosinophilic leukemia
C0392784,Dermatofibrosarcoma Protuberans
C0206141,Idiopathic Hypereosinophilic Syndrome
C0270327,Bedwetting
C0262399,shoulder bursitis
C0030783,Pellagra
C0206247,Amyloid Neuropathies
C0023443,Hairy Cell Leukemia
C0346976,Metastatic malignant neoplasm to pancreas
C0026718,Mucormycosis
C0004245,Atrioventricular Block
C0020683,Hypovolemic Shock
C0034734,Raynaud Disease
C0085695,Chronic gastritis
C1274469,onychomycosis of fingernail
C0276758,Fusariosis
C0008582,Chromoblastomycosis
C0030409,Paracoccidioidomycosis
C0267509,Chronic idiopathic constipation
C0022951,Lactose Intolerance
C0080203,Tachyarrhythmia
C0001207,Hypersomatotropic gigantism
C1960398,HER2-positive carcinoma of breast
C0023786,Mucopolysaccharidosis I
C1288351,Malignant Neoplasm (Morphology)
C4040491,Bronchopneumonia caused by Haemophilus influenzae
C0023241,Legionnaires' Disease
C4510691,Pneumonia caused by Chlamydia pneumoniae
C0206682,Follicular thyroid carcinoma
C0238463,Papillary thyroid carcinoma
C0002888,"Anemia, Megaloblastic"
C0003950,Ascariasis
C0002831,Ancylostomiasis
C1142132,Carnitine deficiency
C0027145,Myxedema
C0018021,Goiter
C0033038,Premature Ejaculation
C0030759,Infestation by Phthirus pubis
C0041976,Urethritis
C0030757,Pediculus capitis infestation
C0040021,Thromboangiitis Obliterans
C1868889,Irritable bowel syndrome characterized by constipation
C0018022,Endemic goiter
C0238298,Myxedema coma
C0596170,Binge eating disorder
C0005586,Bipolar Disorder
C0029104,Opioid withdrawal
C0006118,Brain Neoplasms
C0277528,Traveler's diarrhea
C0085697,Chronic pyelonephritis
C0153027,Herpes zoster keratoconjunctivitis
C0406486,Ocular Rosacea
C1275684,Meibomian gland dysfunction
C0206754,Neuroendocrine Tumors
C0151723,Hypomagnesemia
C0156677,Eclampsia in pregnancy
C0269658,Mild pre-eclampsia
C0341950,Severe pre-eclampsia
C0152081,Pustular psoriasis
C0234133,Extrapyramidal sign
C0086227,Enterobiasis
C0040954,Infection by Trichuris trichiura
C0271568,Laron Syndrome
C0032463,Polycythemia Vera
C0023473,Error: 404
C0153685,Metastatic malignant neoplasm to kidney
C0025874,Metrorrhagia
C0476089,Endometrial Carcinoma
C0232940,Secondary physiologic amenorrhea
C0276587,Nutritional deficiency with AIDS (acquired immunodeficiency syndrome)
C0021603,Sleep Initiation and Maintenance Disorders
C0022354,"Jaundice, Obstructive"
C0019088,Hemorrhagic Disease of Newborn
C0234978,Primary motor cortex frontal lobe epilepsy
C0278139,Moderate pain
C2931187,Nephropathic cystinosis
C3697010,Ulcerative colitis in remission
C0267390,Chronic ulcerative rectosigmoiditis
C0152516,Bacterial enteritis
C0042900,Vitiligo
C3874358,Therapeutic opioid induced constipation
C0233485,apprehension
C0233494,Tension
C0035457,"Rhinitis, Allergic, Perennial"
C0031511,Pheochromocytoma
C0267176,Gastroparesis due to diabetes mellitus
C0221032,Familial generalized lipodystrophy
C0271693,Acquired generalized lipodystrophy
C0220989,Acquired partial lipodystrophy
C0152499,Acute amebiasis
C0023885,Liver Abscess
C0041343,Tubo-ovarian abscess
C0006105,Brain Abscess
C0085631,Agitation
C1112486,Aggressive Systemic Mastocytosis
C0023461,"Leukemia, Mast-Cell"
C0220756,"Niemann-Pick Disease, Type C"
C1328252,Mucocutaneous leishmaniasis
C0275979,Infection by Campylobacter fetus
C0032064,Plague
C0421162,Meningococcus carrier
C0686510,Carcinoma in situ of adrenal cortex
C0042485,Venous Insufficiency
C0524688,Pneumonic Plague
C0152936,Septicemic Plague
C0412850,Opioid toxicity
C0231528,Myalgia
C0339170,Fungal conjunctivitis
C1961099,Precursor T-Cell Lymphoblastic Leukemia-Lymphoma
C1292758,Precursor T-cell lymphoblastic lymphoma
C0694549,Community-Acquired Pneumonia
C1827266,Decompensated chronic heart failure
C0347176,Carcinoma in situ of fallopian tube
C0010418,Cryptosporidiosis
C0268490,"Tyrosinemia, Type I"
C0031190,Persistent Fetal Circulation Syndrome
C0149782,Squamous cell carcinoma of lung
C1278797,Postnatal infection
C0269050,Endomyometritis
C0155440,Chronic tubotympanic suppurative otitis media
C0343886,Gastrointestinal candidiasis
C0700359,Organophosphate poisoning
C0751964,"Multiple Sclerosis, Primary Progressive"
C0730274,Vitreomacular traction syndrome
C0024586,Malignant Carcinoid Syndrome
C0341823,Epithelial tumor of ovary
C1261473,Sarcoma
C1274355,Streptococcal infection of skin
C1720538,Persistent erythema of skin
C0178416,Hypoplastic anemia
C0342985,Superficial bacterial infection of skin
C0238122,Fallopian Tube Carcinoma
C0007112,Adenocarcinoma of prostate
C2316304,Human epidermal growth factor 2 negative carcinoma of breast
C0392190,Stomatitis radiation
C1274988,Drug-induced mucositis
C0036337,Schizoaffective Disorder
C0267963,Exocrine pancreatic insufficiency
C2887084,Sepsis caused by Streptococcus pneumoniae
C0268124,Adenosine deaminase deficiency
C0751434,Classical phenylketonuria
C1541061,Malignant neoplasm of common bile duct (& [carcinoma])
C0010691,Cystinuria
C0581358,Gastric spasm (disorder)
C0232849,Bladder pain
C0030758,Body louse infestation
C1318543,Fibrous histiocytoma of tendon sheath
C0221154,Paroxysmal hypertension
C3203356,Factor II deficiency
C0003615,Appendicitis
C0855112,Diffuse large B-cell lymphoma refractory
C0042345,Varicosity
C0546837,Malignant neoplasm of esophagus
C0024449,Mycetoma
C0001126,Renal tubular acidosis
C0233794,Memory impairment
C0029106,Opisthorchiasis
C0029077,"Ophthalmia, Sympathetic"
C1527336,Sjogren's Syndrome
C0002390,Extrinsic allergic alveolitis
C0032533,Polymyalgia Rheumatica
C1827301,Extensively Drug-Resistant Tuberculosis
C0700053,Idiopathic hypertrophic subaortic stenosis
C0040127,Thyroid Crisis
C0573789,Heparin overdose
C0268821,Lower urinary tract infectious disease
C0238452,Thallium poisoning
C0153303,Mixed intestinal infection caused by Cestoda and/or Trematoda and/or Phylum Nematoda
C0936215,Vitamin B 6 Deficiency
C1720498,Toxoplasmosis associated with acquired immunodeficiency syndrome
C4543165,Acute myeloid leukemia with FMS-like tyrosine kinase-3 mutation
C0393760,Initial insomnia
C0278701,Gastric Adenocarcinoma
C2239176,Liver carcinoma
C1720135,Gastrointestinal infection caused by Klebsiella aerogenes
C0341558,Intestinal infection caused by Escherichia coli
C0152515,Intestinal infection caused by Pseudomonas
C0343337,Pseudomonas gastrointestinal tract infection
C0175167,Acneiform Eruptions
C0042842,Vitamin A Deficiency
C1828079,Dementia associated with Parkinson's Disease
C0730607,Severe chronic obstructive pulmonary disease
C2981142,Myelodysplastic syndrome with low blasts (disorder)
C0027022,Myeloproliferative disease
C1283620,"Sucrase-isomaltase deficiency, congenital"
C0870082,Hyperkeratosis
C0042548,Plantar wart
C0234925,Greasy skin
C3661933,Dyslipidemia due to type 2 diabetes mellitus
C0152253,Posterior synechiae
C0043208,Wolman Disease
C0027831,Neurofibromatosis 1
C0013338,Pituitary dwarfism
C0016204,Flatulence
C0017531,Angiolymphoid hyperplasia
C0343730,Perianal warts
C0349649,Pulmonary lymphangioleiomyomatosis
C0242488,Acute Lung Injury
C0751362,Narcolepsy-Cataplexy Syndrome
C0035436,Rheumatic Fever
C0393764,Excessive daytime sleepiness - normal night sleep
C0151686,Growth retardation
C0007117,Basal cell carcinoma
C3163939,Malignant epithelial neoplasm of thyroid
C0020428,Hyperaldosteronism
C0020501,Primary Hyperoxaluria
C0030201,"Pain, Postoperative"
C0032024,Pityriasis
C0042998,Vulvovaginitis
C0008513,Chorioretinitis
C0037299,Skin Ulcer
C0040560,"Toxoplasmosis, Congenital"
C0028242,Nocardia Infections
C0272325,"Factor 8 deficiency, acquired"
C0400968,Liver transplant rejection
C4275067,Transthyretin related familial amyloid cardiomyopathy
C1301363,Blastic Plasmacytoid Dendritic Cell Neoplasm
C0750979,Primary malignant neoplasm of brain
C1134719,Error: 404
C0006325,Bruxism
C0393772,Non-24 hour sleep-wake cycle
C0276754,Onychomycosis caused by Trichophyton rubrum
C0205944,"Sarcoma, Epithelioid"
C0018671,Head and Neck Neoplasms
C0155264,Endocrine exophthalmos
C3854116,Lipodystrophy due to Human immunodeficiency virus infection and antiretroviral therapy
C0020635,Hypopituitarism
C0271623,Hypogonadotropic hypogonadism
C0948896,Primary hypogonadism
C0546999,"Larva Migrans, Cutaneous"
C0041648,Infection by Uncinaria
C0040553,Toxocariasis
C0349464,Wernicke-Korsakoff Syndrome
C0039841,Thiamine Deficiency
C0005684,Malignant neoplasm of urinary bladder
C0036130,Salpingitis
C0030785,Pelvic abscess
C0042875,Vitamin E Deficiency
C0153246,tinea manus
C0342257,Complications of Diabetes Mellitus
C0021141,Inappropriate ADH Syndrome
C0023269,leiomyosarcoma
C0002382,Alveolar Bone Loss
C0206504,Tympanic Membrane Perforation
C0162810,"Cicatrix, Hypertrophic"
C4721209,Metastatic human epidermal growth factor 2 positive carcinoma of breast
C0392445,Necrobiosis Lipoidica Diabeticorum
C1290159,Subacute bursitis
C0023646,Lichen Planus
C0276228,Herpes simplex keratoconjunctivitis
C0034063,Pulmonary Edema
C0349506,Photosensitivity of skin
C0042133,Uterine Fibroids
C0572583,Antimetabolite overdose
C0220987,Hereditary orotic aciduria
C0038157,Staphylococcal enterocolitis
C0271066,Choroidal retinal neovascularization
C1562543,Ocular histoplasmosis syndrome
C0085132,Mucopolysaccharidosis VII
C0023381,Letterer-Siwe Disease
C1274228,Chylomicronemia syndrome
C0563269,Acute infective exacerbation of chronic obstructive pulmonary disease
C0423673,Pain in spine
C0235950,Zinc deficiency
C0018916,Hemangioma
C0010414,Infection by Cryptococcus neoformans
C0001973,"Alcoholic Intoxication, Chronic"
C0028768,Obsessive-Compulsive Disorder
C0038436,Post-Traumatic Stress Disorder
C0024299,Lymphoma
