drugs_CUI,Name
C0013227,Pharmaceutical Preparations
C0025677,methotrexate
C0025598,metformin
C0001617,Adrenal Cortex Hormones
C0023570,levodopa
C0354604,oral anticoagulants
C0021641,Insulin
C0035525,ribavirin
C0242708,"Antirheumatic Drugs, Disease-Modifying"
C0043031,warfarin
C0242402,Opioids
C0012544,Diphosphonates
C0032143,alteplase
C0666743,infliximab
C1136254,Microbicides
C0042210,Vaccines
C0003299,Antiepileptic Agents
C0003015,Angiotensin-Converting Enzyme Inhibitors
C0243192,agonists
C0001645,Adrenergic beta-Antagonists
C0003364,Antihypertensive Agents
C0021747,Interferons
C0006684,Calcium Channel Blockers
C4726677,remdesivir
C0020402,hydroxyurea
C1318700,Phosphodiesterase 5 inhibitor
C1566537,ranibizumab
C0070166,clopidogrel
C0529793,sildenafil
C0038766,Sulfonylurea Compounds
C1609165,tocilizumab
C1172734,natalizumab
C0935929,Antidiabetics
C0209738,lamivudine
C0527316,donepezil
C0008425,Cholinesterase Inhibitors
C0717758,etanercept
C0020336,hydroxychloroquine
C0017725,glucose
C0358591,Proton Pump Inhibitors
C0015980,interferon-beta
C0005522,Biological Products
C0393022,rituximab
C0040165,levothyroxine
C3660996,dupilumab
C0022265,isotretinoin
C0006949,carbamazepine
C0003195,Anti-Arrhythmia Agents
C0022209,isoniazid
C1456408,liraglutide
C0052430,artemisinin
C0302583,iron
C3653501,DIRECT ACTING ANTIVIRALS
C0971023,entecavir
C0178601,Dopamine Agonists
C0002199,Interferon-alpha
C0012798,Diuretics
C0003402,Antioxidants
C0003374,Antimalarials
C1122087,adalimumab
C0127615,mesalamine
C0001046,Acetylcholinesterase Inhibitors
C0003280,Anticoagulants
C0008269,chloroquine
C1611640,Therapeutic agent (substance)
C0003211,"Anti-Inflammatory Agents, Non-Steroidal"
C0376541,Recombinant Erythropoietin
C0034085,Pulmonary Surfactants
C0039771,theophylline
C0042291,valproic acid
C0102118,alendronate
C0650607,Basal insulin
C0071097,pioglitazone
C0003451,Antiviral Agents
C0020261,hydrochlorothiazide
C3273807,Sodium-Glucose Transporter 2 Inhibitors
C0001927,albuterol
C0006280,Bronchodilator Agents
C0019139,"Heparin, Low-Molecular-Weight"
C0085297,"immunoglobulins, intravenous"
C2917359,GLP-1 Receptor Agonist [EPC]
C0004057,aspirin
C0025242,memantine
C0069610,Org 10172
C0360714,Hydroxymethylglutaryl-CoA Reductase Inhibitors
C0021641|3630,Error: 404
C0051696,amlodipine
C1567966,Triptans
C0377265,levetiracetam
C1176316,tadalafil
C0002772,"Analgesics, Opioid"
C0213771,tiotropium
C0063041,leflunomide
C0054015,nesiritide
C0031507,phenytoin
C0020616,Hypoglycemic Agents
C0003286,Anticonvulsants
C0597573,Error: 404
C0595726,Leukotriene Antagonists
C0016018,Fibrinolytic Agents
C0038418,streptokinase
C0010592,cyclosporine
C0002598,amiodarone
C0028066,nifedipine
C0070093,teriparatide
C0040125,Antithyroid Agents
C0167117,exenatide
C0014822,Erythropoietin
C0014563,epinephrine
C0796392,bevacizumab
C0003385,Muscarinic Antagonists
C0020196,hyaluronic acid
C0042105,ursodiol
C0054201,budesonide
C0298130,montelukast
C0003191,Antirheumatic Agents
C0064636,lamotrigine
C0033607,Protease Inhibitors
C0075632,sumatriptan
C0032911,praziquantel
C0037663,Growth Hormone
C0004482,azathioprine
C0649350,rivastigmine
C0052432,artesunate
C0038317,Steroids
C0907402,insulin glargine
C0054836,carvedilol
C0966225,omalizumab
C0936150,artemether / lumefantrine
C0016967,galantamine
C0022322,ivermectin
C0289884,glatiramer acetate
C0018026,gold
C0042866,vitamin D
C0298067,pirfenidone
C0010583,cyclophosphamide
C0076110,terbinafine
C0012265,digoxin
C0034417,quinine
C1874451,Basis
C0008783,cimetidine
C1541483,eculizumab
C1827106,Dipeptidyl-Peptidase IV Inhibitors
C0874161,oseltamivir
C1257987,Thiazolidinediones
C3854325,Janus kinase inhibitor
C0009262,colchicine
C0058218,dimethyl fumarate
C1337242,cinacalcet
C0015506,factor VIII
C0036078,sulfasalazine
C0002144,allopurinol
C0003308,Antifungal Agents
C0016327,Fluorides
C0252643,bosentan
C0033497,propranolol
C0006938,captopril
C0383429,alemtuzumab
C0003209,Anti-Inflammatory Agents
C0700599,pyrimethamine / sulfadoxine
C0066928,mullerian-inhibiting hormone
C0030817,penicillamine
C0001551,Immunologic Adjuvants
C4033631,sacubitril / valsartan
C0002771,Analgesics
C1620287,prasugrel
C0117996,fluticasone propionate
C0011777,dexamethasone
C0304604,Topical form corticosteroids
C0043474,zidovudine
C0061323,glimepiride
C0022860,labetalol
C0004147,atenolol
C0028128,nitric oxide
C0073379,riluzole
C0039245,tacrine
C0080356,valproate
C0289313,rosiglitazone
C0003596,apomorphine
C1527392,Immunomodulators
C0017628,glyburide
C0076829,topiramate
C0025644,methimazole
C1999375,ticagrelor
C3179547,secukinumab
C0209368,mycophenolate mofetil
C0010961,danazol
C0971579,vardenafil
C0030054,oxygen
C0724693,sildenafil citrate
C0393080,voriconazole
C0937950,darbepoetin alfa
C0017066,ganciclovir
C0008809,ciprofloxacin
C0031412,phenobarbital
C0076275,orlistat
C0014025,enalapril
C0663241,linezolid
C3885068,semaglutide
C0004906,beclomethasone dipropionate
C0041044,Trimethoprim-Sulfamethoxazole Combination
C0073992,salmeterol
C1134681,Endothelin receptor antagonist
C1570906,vildagliptin
C0022957,lactulose
C0005525,Biological Response Modifiers
C0013030,dopamine
C0033567,epoprostenol
C0003009,angiotensin II
C2930696,tofacitinib
C0246904,levosimendan
C0006863,cannabidiol
C0034272,pyridoxine
C4301236,nusinersen
C0034665,ranitidine
C0003448,Antitubercular Agents
C0257685,zoledronic acid
C2930789,nintedanib
C0001047,acetylcysteine
C0292818,ritonavir
C0254119,interferon beta-1a
C2353951,dapagliflozin
C1099776,tenofovir disoproxil fumarate
C0053230,benznidazole
C3490348,empagliflozin
C0006230,bromocriptine
C0050559,acitretin
C0040616,Anti-Anxiety Agents
C0065767,calcipotriene
C0000618,mercaptopurine
C0010467,curcumin
C0050393,acarbose
C1443650,Neuraminidase inhibitor
C1608841,ustekinumab
C3653316,Vitamin K antagonists
C1739768,rivaroxaban
C0216784,valsartan
C0126174,losartan
C0090306,latanoprost
C0546859,clomiphene citrate
C1138226,favipiravir
C0733470|3439,Error: 404
C1690432,denosumab
C0600370,methacholine
C0521942,Angiotensin II receptor antagonist
C0002556,Aminoglycosides
C0060657,formoterol
C0039601,testosterone
C0028833,octreotide
C0004259,atropine
C0025153,mefloquine
C0003360,Error: 404
C0033511,propylthiouracil
C1441129,Radioactive Iodine
C0060389,finasteride
C0040866,triamcinolone acetonide
C0073374,rifaximin
C0040613,tranexamic acid
C0012694,cromolyn sodium
C0037982,spironolactone
C0074554,simvastatin
C0388753,tolterodine
C0012802,Thiazide Diuretics
C1882138,ocrelizumab
C0028156,nitrofurantoin
C0026259,mitoxantrone
C0025872,metronidazole
C5435024,molnupiravir
C1718097,New medications
C0031453,phenylalanine
C0357126,epoetin alfa
C0017718,glucosamine
C0003241,Antibodies
C0064113,itraconazole
C1699926,fingolimod
C0913469,pegvisomant
C0002641,amodiaquine
C2742797,vedolizumab
C1723401,belimumab
C0020223,hydralazine
C1144709,Natriuretic Peptides
C0242912,Neuroprotective Agents
C0244404,raloxifene
C0028978,omeprazole
C0376541|2056,Error: 404
C0286651,atorvastatin
C0074710,pramipexole
C0006055,Botulinum Toxins
C0014695,ergocalciferol
C0026196,minoxidil
C0001655,corticotropin
C0939237,lopinavir / ritonavir
C0642228,N(4)-oleylcytosine arabinoside
C0002006,aldosterone
C1619966,abatacept
C4542171,ivacaftor / tezacaftor
C0244713,interferon beta-1b
C1099677,solifenacin
C0021081,Immunosuppressive Agents
C0003289,Antidepressive Agents
C0538927,celecoxib
C0043047,water
C0032950,prednisolone
C0068006,miltefosine
C0003442,"lymphocyte immune globulin, anti-thymocyte globulin"
C0048470,argatroban
C0732165|6750,Error: 404
C0024480,magnesium sulfate
C0015491,factor IX
C0013023,Dopa
C0145185,terlipressin
C0048044,vigabatrin
C0025859,metoprolol
C1174995,efalizumab
C0021246,indomethacin
C0246719,risedronate
C3852217,guselkumab
C0043603,pamidronate
C0040233,timolol
C3537192,Tumor Necrosis Factor Inhibitors
C1170000,drotrecogin alfa
C0002007,Aldosterone Antagonists
C0249529,febuxostat
C0003166,anthralin
C0036579,selegiline
C0037567,sodium valproate
C0001911,albendazole
C0006674,calcitriol
C0242896,Anticholinergic Agents
C0384228,tenofovir
C1134659,aflibercept
C0002844,Androgens
C0949665,Fluoroquinolones
C0025741,methyldopa
C1678805,apremilast
C0034239,pyrazinamide
C0028005,nicardipine
C0657912,pregabalin
C0082607,fluticasone
C1619629,deferasirox
C0014964,ethambutol
C0006675,calcium
C0019168,Hepatitis B Surface Antigens
C0025219,melatonin
C0032952,prednisone
C0042523,verapamil
C0002520,Amino Acids
C0026056,midazolam
C0085149,tacrolimus
C1831808,apixaban
C0019134,heparin
C0040615,Antipsychotic Agents
C0007974,Chelating Agents
C1254351,Pharmacologic Substance
C3489764,ixekizumab
C1579410,Nucleoside Analogs
C0027396,naproxen
C0074493,sibutramine
C0540694,adefovir dipivoxil
C0001367,acyclovir
C0354100,Loop Diuretics
C0599685,Anti-Retroviral Agents
C1145760,treprostinil
C0037111,Silicone Oils
C0248719,telmisartan
C0010980,dapsone
C0013036,Dopaminergic Agents
C0012091,diclofenac
C0060926,gabapentin
C0006668,calcitonin
C0016277,fluconazole
C0245109,anakinra
C0002335,alprostadil
C0070694,edaravone
C0035339,Retinoids
C0391001,peginterferon alfa-2a
C0033126,primaquine
C0040349,Tocolytic Agents
C0071105,piperaquine
C0027996,niacin
C1096768,meglumine antimoniate
C1562036,Calcineurin inhibitor
C0009014,clonidine
C0766326,dronedarone
C0965618,roflumilast
C0024808,Marihuana
C0025815,methylprednisolone
C0907160,Pegylated Interferon Alfa
C1299007,alpha-Glucosidase Inhibitors
C0003968,ascorbic acid
C0050175,adefovir
C0257190,ivabradine
C0282386,levofloxacin
C0024730,mannitol
C0009905,"Contraceptives, Oral"
C0026549,morphine
C0962603,alefacept
C0525678,rasagiline
C1176308,tolvaptan
C0069805,oxybutynin
C0107994,cabergoline
C0042402,Vasodilator Agents
C0796392|7422,Error: 404
C4044947,baricitinib
C0016860,furosemide
C0014939,estrogens
C0092801,cladribine
C0065374,lisinopril
C0017687,glucagon
C0012963,dobutamine
C1099414,pimecrolimus
C5139934,tirzepatide
C0033568,"Prostaglandins, Synthetic"
C0004320,auranofin
C0021547,inositol
C0032912,prazosin
C2698764,perampanel
C0541746,Thiazides
C0069751,oxcarbazepine
C0000970,acetaminophen
C0073096,resveratrol
C0085826,Antiplatelet Agents
C0245561,duloxetine
C1135662,dornase alfa
C0040864,triamcinolone
C0021735,interferon alfa-2b
C0041041,trimethoprim
C0006982,carbidopa
C0596087,Angiogenesis Inhibitors
C0037494,sodium chloride
C0011701,desmopressin
C0008294,chlorthalidone
C1449704,Fibrates
C0039542,terbutaline
C0376560,Recombinant Growth Hormone
C0169964,somatropin
C0017631,gliclazide
C0002403,amantadine
C0032594,Polysaccharides
C1258800,Anabolic Agents
C0071304,isradipine
C0165032,imiquimod
C2987429,teprotumumab
C0015137,etretinate
C4550124,brolucizumab
C1142985,ezetimibe
C0114873,doxazosin
C0005064,Benzodiazepines
C0008466,chondroitin sulfates
C0015980|3439,Error: 404
C0060241,iron sucrose
C0079594,iloprost
C0216660,zanamivir
C0031007,pergolide
C0006405,buprenorphine
C1120110,aliskiren
C0009968,copper
C4505511,risankizumab
C0057916,dienogest
C0005088,benzoyl peroxide
C0033228,fenofibrate
C0017970,glycopyrrolate
C0297635,rizatriptan
C0595265,Monoamine oxidase B inhibitor (product)
C0058379,diphenylcyclopropenone
C0249582,paricalcitol
C0040845,tretinoin
C1562104,Glucagon-Like Peptide-1 Receptor Agonists
C1171350,kinase inhibitor [EPC]
C0070895,foscarnet
C0051809,anagrelide
C0907850,ciclesonide
C0376261,lactate
C0012010,diazepam
C3179549,dulaglutide
C0732611,Selective Estrogen Receptor Modulators
C4045511,finerenone
C0015689,omega-3 fatty acids
C0030956,Peptides
C0359086,Oral hypoglycemic
C0000477,dalfampridine
C0123677,"insulin aspart, human"
C0035179,reserpine
C3491331,brodalumab
C0018061,Gonadotropins
C0528166,zolmitriptan
C1098261,safinamide
C4310578,roxadustat
C0012022,diazoxide
C0004905,beclomethasone
C0012373,diltiazem
C0018242,griseofulvin
C0028365,norfloxacin
C0209211,lanreotide
C0022614,ketamine
C1276807,budesonide / formoterol
C0078844,zonisamide
C0001443,adenosine
C0717550,candesartan
C0288171,irbesartan
C0378466,zafirlukast
C0035661,ritodrine
C0074774,sodium thiosulfate
C0244821,ropinirole
C0001655|5443,Error: 404
C0021186,indapamide
C0286079,cidofovir
C1268567,Protein-tyrosine kinase inhibitor
C0914729,almotriptan
C0937846,esomeprazole
C1257954,Cyclooxygenase 2 Inhibitors
C0028073,nifurtimox
C0003392,Antineoplastic Agents
C0085542,pravastatin
C0054066,amoxicillin / clavulanate
C0663448,Viagra
C3653320,Interleukin inhibitors
C0030895,sodium stibogluconate
C5139788,abrocitinib
C1142933,Rimonabant
C0068475,nebivolol
C2926735,Error: 404
C0043832,deferiprone
C0013983,Emollients
C0020740,ibuprofen
C1373120,Non-Nucleoside Reverse Transcriptase Inhibitors [MoA]
C1565750,sitagliptin
C0165921,entacapone
C0020306,hydroquinone
C0043481,zinc
C1268551,Echinocandins
C0246689,repaglinide
C0031638,Phosphodiesterase Inhibitors
C0018034,gold sodium thiomalate
C0289779,"2,4-thiazolidinedione"
C0077144,trilostane
C1579268,Mineralocorticoid Receptor Antagonists
C4519199,lasmiditan
C4726929,upadacitinib
C0965129,rosuvastatin
C0033306,Progestins
C0591251,Chloromycetin
C1533126,milnacipran
C0015505,factor VIIa
C1518041,Luteinizing Hormone-releasing Hormone Agonist
C1268900,Error: 404
C0042845,vitamin B12
C0010347,cromoglycate
C5433947,sotrovimab
C0074722,sodium bicarbonate
C0022642,ketotifen
C0031990,piroxicam
C0886658,nedocromil sodium
C0033487,propofol
C1959590,Erythropoiesis Stimulating Agents
C0935989,imatinib
C0969324,mepolizumab
C0015827,fenfluramine
C0017642,glipizide
C0537147,tegaserod
C0037533,sodium nitroprusside
C0016410,folic acid
C2975435,edoxaban
C0022616,ketanserin
C0288792,tazarotene
C0379199,ibandronate
C4078709,vericiguat
C0937932,rasburicase
C0037707,sotalol
C2974540,canagliflozin
C0072916,cisapride
C0005382,Biguanides
C4278463,emicizumab
C2348066,dabigatran
C0020268,hydrocortisone
C0036581,selenium
C4045974,Biosimilars
C0066677,modafinil
C0041014,liothyronine
C0024027,lovastatin
C0052429,artemether
C0016278,flucytosine
C4301607,burosumab
C0028127,nitrendipine
C0001644,Adrenergic beta-Agonists
C0027866,Neuromuscular Blocking Agents
C0982327,PEGINTERFERON
C0026078,midodrine
C0023556,levamisole
C0016384,flutamide
C1443923,Oral rehydration solution
C0128513,milrinone
C0302210,Gold salt
C0072973,ramipril
C1176329,ambrisentan
C0772394,lepirudin
C0039286,tamoxifen
C0085228,fluvoxamine
C0030899,pentoxifylline
C0245514,troglitazone
C0015506|1351,Error: 404
C0025746,methylene blue
C0014710,ergotamine
C0368663,aminosalicylate
C0281666,alitretinoin
C1098510,fondaparinux
C0006983,carbimazole
C0055891,clobazam
C0033429,propafenone
C0700580,ipratropium bromide
C0162745,collagenase
C0675175,cysteinyl-leukotriene
C4043954,tildrakizumab
C0304509,Inotropic agent (substance)
C0001041,acetylcholine
C0010976,dantrolene
C0057257,defibrotide
C0796545,peginterferon alfa-2b
C0025887,mexiletine
C0007036,Carbonic Anhydrase Inhibitors
C0220821,dihydropyridine
C0018318,guanethidine
C0055729,cilostazol
C0013232,"Drugs, Orphan"
C0206460,enoxaparin
C0302837,Vitamin supplementation
C0071972,cilastatin / imipenem
C0024002,lorazepam
C0038761,Sulfones
C0037537,sodium oxybate
C0021658,insulin isophane
C0021734,interferon alfa-2a
C0012291,dihydroergotamine
C0008838,cisplatin
C0378482,rabeprazole
C0872285,therapeutic protein
C0006050,botulinum toxin type A
C0015043,ethosuximide
C1306772,tiotropium bromide
C0001641,Adrenergic alpha-Antagonists
C0674428,efavirenz
C4043101,aducanumab
C0872913,tenecteplase
C0039902,thioguanine
C0030863,pentamidine
C0015772,felodipine
C0388088,FTY-720
C0002932,Anesthetics
C0042971,von Willebrand factor
C0057678,diacetylrhein
C0015840,fenoterol
C4542165,erenumab
C0001962,ethanol
C0213404,rufinamide
C0016229,flecainide
C0023660,lidocaine
C2719767,onabotulinumtoxinA
C0813622,Error: 404
C0040160,thyrotropin
C1579373,Drugs used for the treatment of acute migraine
C0000981,acetazolamide
C0136123,perindopril
C0909381,valganciclovir
C0257343,tamsulosin
C0023607,luteinizing hormone
C0013162,Drug Combinations
C0009011,clonazepam
C0732165,Somatostatin analog
C0025605,methadone
C0010137,cortisone
C0085174,misoprostol
C0025023,mebendazole
C0012133,didanosine
C0003620,Appetite Depressants
C0028094,nimodipine
C0031923,pilocarpine
C0754647,frovatriptan
C0004609,baclofen
C0061366,Glucantime
C0009053,collagenase Clostridium histolyticum
C0009137,coal tar
C0060282,ferrous sulfate
C0168273,bivalirudin
C0748603,seizure medication
C2001867,ferric carboxymaltose
C3661283,romosozumab
C0010648,cysteamine
C0536495,moxifloxacin
C0003158,Anthelmintics
C0028351,norepinephrine
C0077071,triclabendazole
C0039736,thalidomide
C0086130,Deprenyl
C0762662,rofecoxib
C2931926,ruxolitinib
C0012066,dichloroacetate
C0247025,tirofiban
C4505936,ubrogepant
C0081876,pantoprazole
C0021027,Immunoglobulins
C1134558,Chinese Herbs
C0000378,droxidopa
C0162758,Serotonin Uptake Inhibitors
C0002575,aminophylline
C1562242,Anti-tumor necrosis factor alpha drug (product)
C0210630,filgrastim
C0008318,cholecalciferol
C0037766,Antispasmodics
C0302609,Xanthine Oxidase Inhibitors
C0144576,paclitaxel
C0037508,sodium fluoride
C1271481,Recombinant human granulocyte colony stimulating factor
C0962517,agalsidase alfa
C0939241,tacrolimus Topical Product
C0001648,Adrenergic Agonists
C0003445,Antitoxins
C0206255,Malaria Vaccines
C2983812,mirabegron
C0937917,bimatoprost
C3264621,ivacaftor
C0003138,Antacids
C0017887,nitroglycerin
C0025853,metoclopramide
C0003018,Angiotensins
C0017720,glucosamine sulfate
C0002272,alpha glucosidase
C0031937,pindolol
C0015133,etoposide
C0288672,abciximab
C0013832,Electrolytes
C1373111,Nucleoside Reverse Transcriptase Inhibitors
C0242889,Adrenergic Antagonists
C0042397,Vasoconstrictor Agents
C2746078,linagliptin
C0537270,insulin detemir
C0376607,Anti-Obesity Agents
C0242913,Nootropic Agents
C0074568,sinomenine
C0016360,fluorouracil
C2353893,golimumab
C1520059,Vitamin D Analog
C0525227,brimonidine
C0026457,Monoamine Oxidase Inhibitors
C0909839,emtricitabine
C0729502,Chemotherapeutic agent
C0016295,flunarizine
C0961485,eplerenone
C0003779,argipressin
C0673470,istradefylline
C0733758,follicle stimulating hormone
C1098320,olmesartan
C0025241,melphalan
C2606556,macitentan
C0246421,letrozole
C0728747,trastuzumab
C0022245,isoproterenol
C0069590,ORALIT
C0015620,famotidine
C0768119,lanthanum carbonate
C0025684,methoxsalen
C0053799,bisoprolol
C0120726,halofantrine
C1449680,Angiotensin II Type 1 Receptor Blockers
C0034283,pyrimethamine
C0019593,Histamine H2 Antagonists
C0042211,"Vaccines, Attenuated"
C0012191,diethylcarbamazine
C0031849,physostigmine
C1136312,"Histamine H1 Antagonists, Non-Sedating"
C3658210,Prolyl-Hydroxylase Inhibitors
C0045093,gemcitabine
C0304497,Cytotoxic agent (product)
C3658667,tralokinumab
C0032375,Oral Poliovirus Vaccine
C0039623,tetrabenazine
C4519739,anifrolumab
C0303029,iodine I-131
C0279175,Thyroid preparations
C1136535,pegfilgrastim
C0353697,carbidopa / levodopa
C0022635,ketoprofen
C0031978,pirenzepine
C0027353,nalidixic acid
C0043328,lutein
C0042874,vitamin E
C4310256,Filgotinib
C0003367,Error: 404
C0009008,clomiphene
C4055380,Biologic Disease-Modifying Antirheumatic Drug
C0113293,dexmedetomidine
C0291772,alosetron
C1831905,eltrombopag
C1532225,Error: 404
C0035100|5972,Error: 404
C4704728,Calcitonin Gene-Related Peptide Receptor Antagonists
C0036557,Sedatives
C0044410,alfacalcidol
C0386393,olmesartan medoxomil
C2976303,sofosbuvir
C0537894,caspofungin
C0936148,posaconazole
C0005301,betahistine
C0070325,peppermint oil
C0078956,anistreplase
C4723629,voxelotor
C0015846,fentanyl
C0027679,neostigmine
C0354566,intravenous heparin
C0293359,insulin lispro
C0534191,recombinant FVIIa
C0015879,Ferritin
C0006864,Cannabinoids
C0002600,amitriptyline
C0246415,docetaxel
C0039840,thiamine
C0041249,tryptophan
C0064906,nafarelin
C0795635,"insulin, regular, human"
C0246330,tolcapone
C0077274,triptolide
C0000946,acebutolol
C0042890,Vitamins
C0042071,urokinase
C0023870,lithium
C0017132,Gastric Inhibitory Polypeptide
C0047506,3-iodobenzylguanidine
C0014432,Enzyme Inhibitors
C0595267,Catechol-O-methyltransferase inhibitor
C0007158,Cardiac Glycosides
C1512474,Histone deacetylase inhibitor
C4079805,ertugliflozin
C0282556,Anti-Asthmatic Agents
C0733796,Gastrografin
C0759933,eletriptan
C0009079,clozapine
C0085208,bupropion
C3659310,bempedoic acid
C0011786,dexfenfluramine
C0038633,sucralfate
C4550368,cenobamate
C0299792,aripiprazole
C0012968,Docosahexaenoic Acids
C0165590,dorzolamide
C0005117,berberine
C0377336,Salvia miltiorrhiza root extract
C0008196,chlorhexidine
C0030125,aminosalicylic acid
C0032334,podofilox
C0893761,lacosamide
C5139676,risdiplam
C0034392,quercetin
C0114771,dofetilide
C0282151,dopamine hydrochloride
C0003204,Anti-Infective Agents
C0071649,polyphenols
C4033633,ivacaftor / lumacaftor
C0034414,quinidine
C0031447,phentermine
C0008996,clofazimine
C0164398,atosiban
C1142738,anidulafungin
C5139890,faricimab
C0070455,permethrin
C0008402,cholestyramine resin
C1143018,obeticholic acid
C0005330,bezafibrate
C0521941,Antiresorptive Agents
C0005308,betamethasone
C0037135,silymarin
C0244656,fosphenytoin
C0593802,Aromatase Inhibitors
C0035527,riboflavin
C0003290,Tricyclic Antidepressive Agents
C0085173,terfenadine
C0173083,nitisinone
C2717561,riociguat
C0065180,loratadine
C0066837,moxonidine
C0077857,urapidil
C0056077,Error: 404
C0050940,lansoprazole
C0003440,Antithrombins
C0006886,cantharidin
C0041942,urea
C0073917,bucillamine
C0022625,ketoconazole
C0056562,crystalloid solutions
C0069454,olsalazine
C0017245,gemfibrozil
C0532578,voglibose
C1700695,sugammadex
C0034261,pyridostigmine
C0003370,Antilymphocyte Globulin
C0718050,sevelamer
C0030095,oxytocin
C0055147,cetirizine
C0016293,flumazenil
C0249458,valacyclovir
C0253563,eptifibatide
C1562292,Incretins
C0008287,chlorpropamide
C0903898,nateglinide
C0030040,oxprenolol
C0282519,Reverse Transcriptase Inhibitors
C0031463,phenylbutazone
C0165631,adapalene
C0663655,abacavir
C4042342,abaloparatide
C0965390,abarelix
C3852841,abemaciclib
C2607886,abiraterone acetate
C4078312,acalabrutinib
C0000948,aceclidine
C0050403,aceclofenac
C0050405,acefylline
C0050409,acemetacin
C0000956,acenocoumarol
C0608826,aceprometazine
C0050436,acetarsol
C0000983,acetic acid
C0000992,acetohexamide
C0050451,acetohydroxamic acid
C0050458,acetophenazine
C0050521,acetoxolone
C0001040,acetylcarnitine
C0520442,acetyldigitoxin
C0025607,methadyl acetate
C1456821,Aciclovir Alonga
C0050558,acipimox
C2699758,aclidinium bromide
C4317155,Acotiamide
C0054340,acrivastine
C0001465,adenosine monophosphate
C2607750,afamelanotide
C2987648,afatinib
C1137427,agalsidase beta
C0540776,alatrofloxacin
C2607479,albiglutide
C4084478,albutrepenonacog alfa
C2348241,alcaftadine
C0001937,alclofenac
C0051113,alclometasone dipropionate
C0218986,aldesleukin
C0771311,alendronic acid
C0051150,alfuzosin
C0002371,aluminum hydroxide
C0102139,alglucerase
C1695579,alglucosidase alfa
C0041031,trimeprazine
C3653189,Alipogene tiparvovec
C3491162,alirocumab
C0002083,allantoin
C4522682,almasilate anhydrous
C0002164,almitrine
C1958126,alogliptin
C4055478,alpelisib
C0002333,alprazolam
C0019453,altretamine
C0725101,"alum, potassium"
C0102840,aluminum chloride
C0051511,aluminum chlorohydrate
C0051510,aluminum acetate
C1508750,alvimopan
C0002412,ambenonium
C0002421,ambroxol
C0051556,amcinonide
C2983876,Amenamevir
C0002658,amphetamine
C0046948,amifampridine
C0002499,amikacin
C0002502,amiloride
C0051607,amineptin
C3652632,amino(diphenylhydantoin) valeric acid
C0000473,4-aminobenzoic acid
C0002555,aminoglutethimide
C0002563,aminolevulinic acid
C0103045,amisulpride
C0103049,amlexanox
C0002607,ammonia
C0002615,ammonium chloride
C0718495,ammonium lactate
C0002640,amobarbital
C0002644,amoxapine
C0002645,amoxicillin
C0002679,amphotericin B
C0002680,ampicillin
C0754188,amprenavir
C0002697,inamrinone
C0002711,amyl nitrite
C3272640,anagliptin
C0290883,anastrozole
C4079904,andexanet alfa
C0038148,Dihydrotestosterone
C1693912,Anecortave
C0003001,Angiotensin Amide
C0003143,antazoline
C4329353,apalutamide
C2346836,apatinib
C0048038,apraclonidine
C1176306,aprepitant
C0003639,aprindine
C0051241,aprobarbital
C0003641,aprotinin
C0165312,aranidipine
C0969589,arformoterol
C4056439,aripiprazole lauroxil
C1701455,armodafinil
C0052416,arsenic trioxide
C2828299,artenimol
C2000088,asenapine
C3490795,asfotase alfa
C0004015,aspartic acid
C0085170,astemizole
C3491974,asunaprevir
C2930764,ataluren
C1145759,atazanavir
C4055433,atezolizumab
C0165603,atovaquone
C0018033,aurothioglucose
C2698280,avanafil
C4743552,avapritinib
C3886460,avatrombopag
C4055417,avelumab
C3489748,avibactam
C1700874,axitinib
C0052752,azapetine
C0003524,apazone
C0052759,azatadine
C0052761,azelaic acid
C0052762,azelastine
C0753287,azelnidipine
C0052772,azidocillin
C2698291,azilsartan medoxomil
C0052796,azithromycin
C0004499,azlocillin
C0052820,azosemide
C0004521,aztreonam
C0052865,bacampicillin
C0004599,bacitracin
C4688747,baloxavir marboxil
C0052940,balsalazide
C0052946,bamipine
C0004743,barbital
C0676831,basiliximab
C2346970,bazedoxifene
C0379135,becaplermin
C4045497,Beclabuvir
C1664205,bedaquiline
C0053071,befunolol
C1619962,belatacept
C1948068,belinostat
C0762737,belotecan
C0916062,bemiparin
C0053091,benazepril
C0004969,bencyclane
C0525079,bendamustine
C0004975,bendroflumethiazide
C0053105,benfluorex
C0053111,benoxaprofen
C0005013,benperidol
C0772056,benproperine
C2982078,benralizumab
C0005025,benzalkonium
C0030829,penicillin G benzathine
C0005098,benztropine
C0005035,benzbromarone
C0005041,benzethonium
C0005059,benzocaine
C0053225,benzoic acid
C0005070,benzoin resin
C0053229,benzonatate
C0005096,benzphetamine
C0053284,benzquinamide
C0005099,benzydamine
C0005100,benzyl alcohol
C2743630,"benzathine benzylpenicillin, procaine benzylpenicillin, benzylpenicillin sodium drug combination"
C2698371,bepotastine
C0005116,bepridil
C0105750,beractant
C0053336,beraprost
C2351042,besifloxacin
C0005304,betaine
C0005310,betamethasone acetate
C0005311,betamethasone benzoate
C0053523,betamethasone dipropionate
C0750848,betamethasone valerate
C0005320,betaxolol
C0053526,bethanechol
C2698385,betrixaban
C4291320,bezlotoxumab
C4507568,bictegravir
C0106291,bifemelane
C1101148,bilastine
C3899947,binimetinib
C0005575,biotin
C0005578,biperiden
C0005632,bisacodyl
C0053792,bismuth subsalicylate
C0053817,bitolterol
C0005740,bleomycin
C3853839,blinatumomab
C0287983,blonanserin
C1738934,boceprevir
C1831731,bosutinib
C1721339,bremelanotide
C2973446,brentuximab vedotin
C0054040,bretylium
C4548848,brexanolone
C3885614,brexpiprazole
C4287815,brigatinib
C0673966,brinzolamide
C0054120,bromodiphenhydramine
C0054094,bromfenac
C0006246,brompheniramine
C0164386,buclizine
C0006359,Buformin
C0006376,bumetanide
C0054222,bunazosin
C0028735,nylidrin
C0006400,bupivacaine
C0006403,bupranolol
C0006466,butacaine
C0054234,butalbital
C0054235,butamben
C0107497,butenafine
C0054249,butobarbital
C0054259,butoconazole
C0006491,butorphanol
C0054270,butriptyline
C0047625,3-n-butylphthalide
C3181682,cabozantinib
C0006644,caffeine
C2699709,calaspargase pegol
C0006657,calcifediol
C0073994,salmon calcitonin
C0717537,calcium acetate
C0006681,calcium carbonate
C0006686,calcium chloride
C0108101,calcium citrate
C0108111,calcium gluceptate
C0006699,calcium gluconate
C3652644,calcium glycerylphosphate
C0108121,calcium lactate
C0771535,Calcium lactate gluconate
C0108124,calcium levulinate
C0006710,calcium pantothenate
C0006711,calcium phosphate
C0108139,calcium polystyrene sulfonate product
C0763530,calfactant
C0129975,camostat
C0006809,camphor
C2718773,canakinumab
C0527379,candesartan cilexetil
C0006834,Candicidin
C0671970,capecitabine
C3713057,caplacizumab
C0262964,capreomycin
C0006931,capsaicin
C0301409,captodiamine
C0108342,carbamide peroxide
C0006976,carbenicillin
C0006979,carbenoxolone
C0054670,carbetocin
C0054672,carbinoxamine
C0079083,carboplatin
C0007047,carboprost
C0007077,carbromal
C0007080,carbutamide
C0771221,Carphenazine
C2001856,carfilzomib
C0054667,carbenicillin indanyl
C2936870,cariprazine
C0007248,carisoprodol
C0044401,carmofur
C0007257,carmustine
C0054820,caroxazone
C0007299,carteolol
C3709760,coagulation factor XIII a-subunit (recombinant)
C0007537,cefaclor
C0007538,cefadroxil
C0007716,cephalexin
C0007735,cephalothin
C0007541,cefamandole
C0007737,cephapirin
C0007546,cefazolin
C0060405,cefdinir
C0245519,cefditoren pivoxil
C0055003,cefepime
C4548369,cefiderocol
C0060400,cefixime
C0007550,cefmetazole
C0007551,cefonicid
C0007554,cefotaxime
C0007555,cefotetan
C0007557,cefoxitin
C0108938,cefpodoxime proxetil
C0053882,cefprozil
C0007738,cephradine
C2001525,ceftaroline fosamil
C0007559,ceftazidime
C0055014,ceftibuten
C0007560,ceftizoxime
C3852726,ceftolozane
C0007561,ceftriaxone
C0007562,cefuroxime
C0055015,cefuroxime axetil
C0055021,celiprolol
C4724806,cemiplimab
C4541383,cenegermin
C3818721,ceritinib
C0528023,cerivastatin
C4475875,cerliponase alfa
C1872109,certolizumab pegol
C1957370,cetilistat
C0995188,cetuximab
C0055152,cetyl alcohol
C2045867,chenodiol + ursodiol
C2932486,N-(2-amino-5-fluorobenzyl)-4-(N-(pyridine-3-acrylyl)aminomethyl)benzamide
C0008161,chloral hydrate
C0008163,chlorambucil
C0008168,chloramphenicol
C0055339,chloramphenicol succinate
C2699179,chlorbenzoxamine
C0008183,chlorcyclizine
C0008188,chlordiazepoxide
C0262965,chlormadinone
C0008223,chlormezanone
C0008273,chlorothiazide
C0055461,chloroxine
C0008281,chlorpheniramine
C0055467,chlorphenesin carbamate
C0008283,Chlorphentermine
C0008286,chlorpromazine
C0008290,chlorprothixene
C0008293,chlortetracycline
C0008296,chlorzoxazone
C0055568,cholic acid
C0008405,choline
C2586675,choline fenofibrate
C0719064,choline magnesium trisalicylate
C0008736,chymopapain
C0007404,catechin
C0055711,ciclopirox
C0008777,cilastatin
C0055723,cilazapril
C0012050,dibucaine
C0008793,cinchophen
C0008803,cinnarizine
C0008806,cinoxacin
C0055775,ciprofibrate
C0008845,citalopram
C0055819,citric acid
C0055856,clarithromycin
C0055860,clavulanic acid
C0008929,clemastine
C0766108,clevidipine
C0045212,Clevudine
C0055877,clidinium
C0666079,climbazole
C0008947,clindamycin
C0055881,clindamycin phosphate
C0021978,clioquinol
C0055895,clobetasol propionate
C0055896,clobetasone butyrate
C0055897,clobutinol
C0055900,clocortolone pivalate
C0092777,clofarabine
C0055904,chlophedianol
C0009002,clofibrate
C0008221,chlormethiazole
C0009026,Clopenthixol
C0008174,clorazepate
C0050066,cloricromen
C0771259,clortermine
C0009074,clotrimazole
C0009077,cloxacillin
C3177235,cobicistat
C4049146,cobimetinib
C0009214,codeine
C0541155,colesevelam
C4550351,Colestilan chloride
C0009279,colestipol
C0216971,colfosceril palmitate
C0110462,colistimethate sodium
C0009316,colistin
C3273430,condoliase
C3195420,C1 esterase inhibitor (recombinant)
C0966107,conivaptan
C0014938,"estrogens, conjugated (USP)"
C0056391,cortisone acetate
C4301781,crisaborole
C3255208,asparaginase Erwinia chrysanthemi
C4524703,crizanlizumab
C2744960,crofelemer
C3653122,"cromoglicic acid, combinations"
C0728803,crospovidone
C0056519,crotamiton
C3714801,Cyanocobalamin Drug Class
C0010523,cyclacillin
C0010547,cyclizine
C0056732,cyclobenzaprine
C0010582,cyclopentolate
C0010590,cycloserine
C0056835,cycrimine
C0010620,cyproheptadine
C0010654,cysteine
C0010711,cytarabine
C3467876,dabrafenib
C0010927,dacarbazine
C3252090,daclatasvir
C0663182,daclizumab
C2987430,dacomitinib
C0010934,dactinomycin
C1172636,dalbavancin
C0756085,dalfopristin
C0524095,Dantron measurement
C0057144,daptomycin
C0529351,darifenacin
C4547776,darolutamide
C1435444,darunavir
C3852512,dasabuvir
C1455147,dasatinib
C0011015,daunorubicin
C0011145,deferoxamine
C0057258,deflazacort
C0011182,dehydrocholic acid
C2828290,delafloxacin
C3489682,Delamanid
C0057301,delapril
C0288165,delavirdine
C0011276,demeclocycline
C0615823,demexiptiline
C0717670,denileukin diftitox
C0011479,deoxycholic acid
C0908935,desloratadine
C0011705,desonide
C0011707,desoximetasone
C1880288,desvenlafaxine
C4277781,deutetrabenazine
C0057598,dexamethasone acetate
C0011812,dextroamphetamine
C0057605,dexbrompheniramine
C0057606,dexchlorpheniramine
C0011785,dexetimide
C2714681,dexibuprofen
C2348248,dexlansoprazole
C1169997,dexmethylphenidate
C0057610,dexpanthenol
C3661450,Dexrabeprazole
C0011816,dextromethorphan
C0011817,dextromoramide
C0033493,propoxyphene
C0011824,dextrothyroxine
C0057626,dezocine
C0011892,heroin
C1445578,recombinant human bone morphogenetic protein-2
C3652699,dibromotyrosine
C0600203,dichloroacetic acid
C0012082,dichlorophen
C0012086,dichlorphenamide
C0012093,dicloxacillin
C0005640,dicumarol
C0012125,dicyclomine
C0012145,dienestrol
C0012201,diethylpropion
C0057981,difenoxin
C0057992,diflorasone diacetate
C0012228,diflunisal
C0058056,dihydrocodeine
C0012288,dihydroergocornine
C0012319,dihydrotachysterol
C0012341,iodoquinol
C0058181,diloxanide furoate
C0012381,dimenhydrinate
C0012383,dimercaprol
C1113707,dimethicone
C0012403,dimethyl sulfoxide
C0012471,dinoprost
C0012472,dinoprostone
C0281581,dinutuximab
C0058344,dioxybenzone
C0012522,diphenhydramine
C0058371,diphenidol
C0012525,diphenoxylate
C0058389,diphenylpyraline
C0058415,dipivefrin
C3653146,"diprophylline, combinations"
C0012582,dipyridamole
C0058445,dirithromycin
C0012702,disopyramide
C0012757,distigmine
C2348308,doconexent
C0075770,docosanol
C0243237,docusate sodium
C3253985,dolutegravir
C0013015,domperidone
C4045491,doravirine
C0389169,doripenem
C0013065,dothiepin
C0013084,doxapram
C0114875,doxefazepam
C0013085,doxepin
C0048808,doxifluridine
C0013089,doxorubicin
C0013090,doxycycline
C0013092,doxylamine
C0039663,dronabinol
C0058425,dipropizine
C0043822,drospirenone
C0571665,Drostanolone propionate allergy
C4055109,durvalumab
C0754659,dutasteride
C4079854,duvelisib
C0058831,dyclonine
C0058895,ebastine
C0209315,ecabet
C1722685,ecallantide
C0301366,ecothiopate
C0013547,econazole
C0013618,edetic acid
C3273754,efinaconazole
C0002260,eflornithine
C3834170,efmoroctocog alfa
C0286819,efonidipine
C3818700,coagulation factor IX recombinant immunoglobulin G1 fusion protein
C0000545,eicosapentaenoic acid
C2714632,elagolix
C4731737,elapegademase
C4080052,elbasvir
C2828245,eldecalcitol
C5139717,elexacaftor
C3272698,eliglustat
C3659266,elobixibat
C3817397,elosulfase alfa
C1832049,elotuzumab
C3712232,eluxadoline
C2606637,elvitegravir
C4740904,emapalumab
C0064263,emedastine
C0014027,enalaprilat
C4519428,enasidenib
C0085251,encainide
C4079208,encorafenib
C0116074,endralazine
C4519740,enfortumab vedotin
C0537439,enfuvirtide
C0014310,enoxacin
C0724579,enoxaparin sodium
C4086264,entrectinib
C0014405,Enviomycin
C0095278,epalrestat
C0043606,eperisone
C0014479,ephedrine
C3714499,epicriptine
C0078442,epinastine
C0014582,epirubicin
C3652978,epitizide and potassium-sparing agents
C0287041,eprosartan
C0795575,eptacog alfa activated
C4694272,eptinezumab
C1445625,Recombinant human bone morphogenetic protein 7
C4519323,erdafitinib
C0059506,erdosteine
C0014708,"ergoloid mesylates, USP"
C0014704,ergonovine
C2350866,eribulin
C1135135,erlotinib
C1120106,ertapenem
C0014806,erythromycin
C0014810,erythromycin ethylsuccinate
C0116569,esmolol
C0014912,estradiol
C1330622,estradiol acetate
C0059610,estradiol cypionate
C0059623,estradiol valerate
C0014921,estramustine
C0014942,estrone
C0059668,estrone sulfate
C3713906,etelcalcetide
C4283710,eteplirsen
C0059688,ethacizine
C0014963,ethacrynic acid
C0059690,ethadione
C0014987,ethchlorvynol
C0059714,ethinamate
C0015011,ethinyl estradiol
C0015021,ethionamide
C0015046,ethotoin
C0059772,ethyl loflazepate
C0015121,etidronic acid
C0059862,etizolam
C0059865,etodolac
C0059868,etofenamate
C0059874,etoposide phosphate
C1456409,etravirine
C0541315,everolimus
C4519114,evocalcet
C4279601,Evogliptin
C3529352,evolocumab
C0851344,exemestane
C0209227,famciclovir
C1880735,faropenem medoxomil
C0062068,fasudil
C3886623,fedratinib
C0060135,felbamate
C0877860,felbinac
C0015824,fendiline
C0060180,fenoldopam
C0015837,fenoprofen
C0060194,fenproporex
C0060201,fentiazac
C0060203,fenticonazole
C0060231,ferric citrate
C0060237,ferric maltol
C0060240,ferric oxide
C0060276,ferrous fumarate
C0060277,ferrous gluconate
C0060274,ferumoxytol
C2343853,fesoterodine
C0296800,fexofenadine
C0065023,fidaxomicin
C2825622,fimasartan
C2825286,finafloxacin
C0016225,flavoxate
C0016245,floctafenine
C0016343,floxuridine
C0060483,fludarabine phosphate
C0616274,fludrocortisone acetate
C0016374,flurandrenolide
C0016282,flufenamic acid
C0016294,flumethasone
C0060501,flunisolide
C0060504,flunoxaprofen
C0016298,fluocinolone acetonide
C0016299,fluocinonide
C0016351,fluorometholone
C0724587,fluorometholone acetate
C0016365,fluoxetine
C0016366,fluoxymesterone
C0016367,flupenthixol
C0016368,fluphenazine
C0060580,fluphenazine decanoate
C0066682,fluphenazine enanthate
C0016375,flurazepam
C0016377,flurbiprofen
C0016383,fluspirilene
C1948374,fluticasone furoate
C0082608,fluvastatin
C0048504,fomepizole
C0292819,fomivirsen
C0016564,formaldehyde
C0048306,formestane
C1997549,Forodesine hydrochloride
C1176315,fosamprenavir
C2349941,fosaprepitant
C0016610,fosfomycin
C0118168,fosinopril
C4691680,fosnetupitant
C2713632,fostamatinib
C4549503,fremanezumab
C0060825,fumaric acid
C0878309,Furazidin
C0016875,fusidic acid
C2700226,gabapentin enacarbil
C4694273,galcanezumab
C1615657,galsulfase
C1507354,garenoxacin
C0753645,gatifloxacin
C1122962,gefitinib
C0533545,gemifloxacin
C3501981,Gemigliptin
C3854019,gentamicin
C0066624,gepirone
C3896940,gilteritinib
C0535459,gimeracil
C4688584,givosiran
C4519273,glasdegib
C4519536,glecaprevir
C0350998,glibornuride
C0061328,gliquidone
C0061330,glisoxepide
C0061387,gluconolactone
C0017797,glutamine
C0017845,glutethimide
C0017861,glycerin
C3490329,glycerol phenylbutyrate
C0573951,Glyceryl trinitrate overdose
C0017890,glycine
C4082411,Glycopyrronium Bromide
C0351000,glymidine
C5222004,golodirsen
C0023610,gonadorelin
C0120107,goserelin
C0018165,gramicidin
C0061863,granisetron
C4080053,grazoprevir
C0287721,grepafloxacin
C0018304,guaiacol
C0018305,guaifenesin
C0018312,guanabenz
C0061938,guanadrel
C0079466,guanfacine
C0120446,guanidine
C0062076,hachimycin
C0062092,halazepam
C0018513,halcinonide
C0018546,haloperidol
C0062103,haloperidol decanoate
C0062106,haloprogin
C0018927,Hematin
C0018988,hemin
C0062648,hexamidine
C0019588,histamine
C0121902,histrelin
C0062922,homatropine
C0020264,hydrocodone
C0063077,hydrocortisone acetate
C0770560,hydrocortisone sodium succinate
C0020273,hydroflumethiazide
C0012306,hydromorphone
C0020316,hydroxocobalamin
C0030140,p-hydroxyamphetamine
C0020404,hydroxyzine
C0596004,hyoscyamine
C1434792,ibalizumab
C0379200,ibandronic acid
C0123043,ibopamine
C0877880,ibritumomab tiuxetan
C3501358,ibrutinib
C0123047,ibudilast
C0246269,icatibant
C0058978,icosapent ethyl
C2604307,icotinib
C0020789,idarubicin
C3885063,idarucizumab
C0123163,idebenone
C2698692,idelalisib
C0020811,idoxuridine
C1739462,idursulfase
C1872427,iguratimod
C1881129,ilaprazole
C1876226,imidafenacin
C0165703,imidapril
C0291140,imiglucerase
C0020933,imipenem
C0020934,imipramine
C0063433,imolamine
C1505698,Imrecoxib
C1881172,Incadronic Acid
C0063449,indanazoline
C0376637,indinavir
C2825682,ingenol mebutate
C0063584,inositol niacinate
C4731850,inotersen
C1567130,inotuzumab ozogamicin
C3491971,insulin degludec
C1313386,"insulin glulisine, human"
C0051691,amiridine
C1367202,ipilimumab
C3492889,ipragliflozin
C0027235,ipratropium
C0123903,ipriflavone
C0063841,iproclozide
C0022059,iproniazid
C0123931,irinotecan
C4330502,isatuximab
C4018471,isavuconazonium
C0022154,isocarboxazid
C0081787,isoflupredone acetate
C0301373,isopropamide
C0022251,isosorbide
C0022252,isosorbide dinitrate
C0064079,isosorbide mononitrate
C0022267,isoxsuprine
C0531483,itopride
C4682397,ivosidenib
C1135132,ixabepilone
C3273711,ixazomib
C0022487,kanamycin
C0073631,ketorolac
C0064582,lactic acid
C0064585,lactitol
C0022949,lactose
C0172827,lafutidine
C4505508,lanadelumab
C0905464,landiolol
C4706204,laninamivir octanoate monohydrate
C1506770,lapatinib
C1260208,laquinimod
C1302054,laronidase
C1956497,Laropiprant
C4524315,larotrectinib
C0963839,Lasofoxifene
C4279599,latanoprostene bunod
C3851350,ledipasvir
C4482908,lefamulin
C4519269,lemborexant
C1144149,lenalidomide
C0218640,lenograstim
C2986924,lenvatinib
C0526399,lercanidipine
C3886073,lesinurad
C3852938,letermovir
C0023413,leucovorin
C0085272,leuprolide
C0724614,levo-methamphetamine
C1171274,levobetaxolol
C0006388,levobunolol
C0064870,levocabastine
C0087163,levocarnitine
C1174893,levocetirizine
C2721771,levoleucovorin
C2825462,levomefolic acid
C0771655,levomenthol
C0772241,levomethadone
C3536876,Levomethadyl Acetate
C3541367,levomilnacipran
C0023566,levonorgestrel
C0023586,levorphanol
C0772501,levalbuterol
C3713860,lifitegrast
C0064987,limaprost
C2000261,linaclotide
C0023726,lincomycin
C0005038,lindane
C3640212,lipegfilgrastim
C1873633,lisdexamfetamine
C0023863,lisuride
C0085217,lithium carbonate
C0125997,lithium citrate
C2973895,lixisenatide
C2744790,lobeglitazone
C0126120,lodoxamide
C0023961,lofepramine
C0065152,lofexidine
C0065162,lomefloxacin
C2827241,lomitapide
C0023972,lomustine
C0065175,lonidamine
C4257011,lonoctocog alfa
C0023992,loperamide
C0674432,lopinavir
C0771040,loprazolam mesylate
C0065295,loracarbef
C2350948,lorcaserin
C0055477,lornoxicam
C0126177,loteprednol etabonate
C0024056,loxapine
C0065199,loxoprofen
C1684405,lubiprostone
C1609686,lucinactant
C1956280,luliconazole
C3852684,lumacaftor
C4305843,lumateperone
C0531104,lumefantrine
C1176415,lumiracoxib
C2003424,lurasidone
C2933904,"1,5-anhydro-1-(5-(4-ethoxybenzyl)-2-methoxy-4-methylphenyl)-1-thioglucitol"
C4086553,luspatercept
C4309207,lusutrombopag
C3272344,lutetium Lu 177 dotatate
C0032483,polyethylene glycols
C0543448,magnesium aspartate
C0065517,magnesium carbonate
C0024472,magnesium chloride
C0126774,magnesium citrate
C0126777,magnesium gluconate
C0024476,magnesium hydroxide
C0717900,magnesium lactate
C0024477,magnesium oxide
C0126789,magnesium salicylate
C0851342,magnesium silicate
C0024547,malathion
C0065636,mandelic acid
C0024778,maprotiline
C0733397,masoprocol
C0043872,maxacalcitol
C0065760,mazaticol
C0024977,mazindol
C0065831,mebanazine
C0065832,mebeverine
C0065834,mebhydroline
C0065835,mebikar
C0025029,mecamylamine
C0904505,mecasermin
C1696547,mecasermin rinfabate
C0025033,mechlorethamine
C0065841,meclocycline
C0025042,meclofenamic acid
C3652852,"meclozine, combinations"
C0025147,medroxyprogesterone
C0065865,medrysone
C0025152,mefenamic acid
C0065870,mefenorex
C0065879,megestrol acetate
C0025217,Melarsoprol
C0064871,levodopa methyl ester
C0083381,meloxicam
C4720053,Menadiol Sodium Diphosphate Tablets
C0065936,menatetrenone
C0034403,quinacrine
C0360172,mepenzolate
C0025380,mephentermine
C0025381,mephenytoin
C0025386,meprobamate
C0025387,meptazinol
C4542172,mepyramine theophyllinacetate
C0066005,meropenem
C0025497,mesoridazine
C0025506,mestranol
C0025603,methacycline
C0663351,metahexamide
C0025575,metaraminol
C0163055,metaxalone
C0025611,methamphetamine
C0025624,methantheline
C0025625,methapyrilene
C0025629,metharbital
C0025631,methazolamide
C0066101,methdilazine
C0025638,methenamine
C0025659,methocarbamol
C0025681,methoxamine
C1328071,methoxy polyethylene glycol-epoetin beta
C0301374,methscopolamine
C0109002,methsuximide
C0066412,methylnicotinate
C0066282,methyl salicylate
C0025760,methylergonovine
C3848532,methylhomatropine
C0066411,methylnaltrexone
C0066418,methylpentynol
C0025810,methylphenidate
C0025382,mephobarbital
C0600901,methylprednisolone acetate
C0700546,methylprednisolone sodium succinate
C0025826,methyltestosterone
C0025840,methyprylon
C0025643,methicillin
C0873165,Meticrane
C0041030,metipranolol
C0886584,metyrosine
C0066139,methixene
C0604284,metizoline
C0025854,metolazone
C0961965,metreleptin
C0025893,mezlocillin
C0025912,mianserin
C0286185,mibefradil
C1120386,micafungin
C0025942,miconazole
C0526371,midostaurin
C4307886,mifamurtide acid
C0026088,mifepristone
C2698220,migalastat
C0066535,miglitol
C1321596,miglustat
C0026187,minocycline
C2825721,Minodronic acid
C2604635,mipomersen
C2353244,mirodenafil
C0906166,mitiglinide
C0002475,mitomycin
C0026256,mitotane
C0171302,mizolastine
C0066685,moexipril
C2987603,mogamulizumab
C0026388,molindone
C0026400,molsidomine
C0066700,mometasone furoate
C0771957,monoxerutin
C0079856,moricizine
C0966500,"antihemophilic factor, human recombinant residues 743-1636 deleted"
C0066805,moroxydine
C0208216,mosapramine
C0129022,motretinide
C2717021,moxetumomab pasudotox
C0163557,moxidectin
C0040108,moxisylyte
C0085259,mupirocin
C0085379,muromonab-CD3
C0068333,nabilone
C0068334,nabumetone
C0286402,nadifloxacin
C0027302,nadolol
C5848169,Nadroparin Calcium
C0207683,nafamostat
C0027324,nafcillin
C0027329,nafronyl
C0068367,naftifine
C0083701,naftopidil
C0027348,nalbuphine
C4325235,naldemedine
C0068377,nalmefene
C3700399,naloxegol
C0027358,naloxone
C0027360,naltrexone
C0027368,nandrolone
C0068395,nandrolone decanoate
C0027373,naphazoline
C0540623,naratriptan
C0027444,natamycin
C2352806,necitumumab
C0068483,nedocromil
C0068485,nefazodone
C0907349,nelarabine
C0525005,nelfinavir
C0382131,neltenexine
C2742587,nemonoxacin
C0027603,neomycin
C2698448,nepinalone
C2713008,neratinib
C1882065,Neridronic Acid
C4535718,netarsudil
C1700730,netupitant
C0132326,nevirapine
C0068700,nicorandil
C0028027,niacinamide
C0028040,nicotine
C3536880,Nicotinic Acid [EPC]
C0028053,nicotinyl alcohol
C3266849,nifurtoinol
C1721377,nilotinib
C2744440,niraparib
C0028116,nisoldipine
C0068788,nitazoxanide
C0028126,nitrazepam
C0028157,nitrofurazone
C0028158,nitrogen
C0028193,nitroprusside
C3657270,nivolumab
C0085154,nizatidine
C2826076,nonacog alfa
C0068980,norethindrone acetate
C0028356,norethindrone
C0028360,norethynodrel
C0068992,norgestimate
C0028476,noxythiolin
C0028741,nystatin
C0086728,obidoxime
C4224790,obiltoxaximab
C2742503,obinutuzumab
C0066522,ocriplasmin
C0051923,octotropine methylbromide
C0046100,octinoxate
C1691209,Octocog alfa
C1832027,ofatumumab
C0028902,ofloxacin
C0171023,olanzapine
C2316164,olaparib
C2698152,olaratumab
C4301624,olmutinib
C2934193,olodaterol
C0527189,olopatadine
C0062941,omacetaxine mepesuccinate
C2983838,omadacycline
C4279587,Omarigliptin
C3852670,ombitasvir
C3832882,omega-3 carboxylic acids
C5139819,omidenepag isopropyl
C0069488,omoconazole
C5140028,onasemnogene abeparvovec
C0061851,ondansetron
C2933912,opicapone
C0029105,opipramol
C0537670,oprelvekin
C0029193,metaproterenol
C1144403,oritavancin
C0029309,orphenadrine
C4330903,osilodrostat
C1313616,ospemifene
C0030032,Oxonic Acid
C0064164,oxaceprol
C0029983,oxacillin
C0069709,oxaflozane
C0069717,oxaliplatin
C0029994,oxamniquine
C0069739,oxaprozin
C0029997,oxazepam
C0795712,Oxedrine
C0069753,oxeladin
C0069760,oxetorone
C0069765,oxiconazole
C0069776,oxitropium
C0030049,oxycodone
C0030071,oxymetazoline
C0030072,oxymetholone
C0030073,oxymorphone
C0030077,oxypertine
C0069833,oxyphencyclimine
C0031422,oxyphenisatin
C0030080,Oxyphenisatin Acetate
C0030092,oxytetracycline
C0069392,ozagrel
C4278675,ozanimod
C2983945,ozenoxacin
C2698706,padeliporfin
C3853822,palbociclib
C0677829,palifermin
C0753678,paliperidone
C0672596,palivizumab
C0220578,palonosetron
C3714572,pamidronic acid
C0770343,pancrelipase
C0879427,panitumumab
C1998098,panobinostat
C0030350,papaverine
C0070072,paramethadione
C0030520,parathyroid hormone
C0915142,parecoxib
C0030557,pargyline
C3864824,paritaprevir
C0030576,paromomycin
C0070122,paroxetine
C1872203,pasireotide
C4301626,Patiromer Calcium
C3896714,patisiran
C1831796,pazopanib
C0175022,pazufloxacin
C0164674,pegademase bovine
C1531015,pegaptanib
C3179929,peginesatide
C3848580,peginterferon beta-1a
C2350656,pegloticase
C4519229,pegvaliase
C4547051,Pemafibrate
C3658706,pembrolizumab
C4724807,pemigatinib
C0053881,pemirolast
C0030800,pemoline
C0030812,penbutolol
C0164815,penciclovir
C0030873,pentazocine
C0301375,penthienate
C0030883,pentobarbital
C0600296,pentosan polysulfate
C0054668,carbetapentane
C1675326,peramivir
C0030969,perazine
C0084572,perospirone
C0031184,perphenazine
C0025376,meperidine
C4287804,pexidartinib
C0070525,phenacemide
C1161346,"Antipyrinum, phenazone"
C0031379,phenazopyridine
C0070549,phendimetrazine
C0031392,phenelzine
C0070563,phenindamine
C0031408,pheniramine
C0031411,phenmetrazine
C0070570,phenol
C0070585,phenothrin
C0031441,phenoxybenzamine
C0530801,phenoxymethylpenicillin amidohydrolase
C0031444,phenprocoumon
C0070592,phensuximide
C0031448,phentolamine
C0070620,phenylacetic acid
C0031469,phenylephrine
C0301304,phenylmercuric nitrate
C0031495,phenylpropanolamine
C0070709,phenyltoloxamine
C0031862,vitamin K1
C4519537,pibrentasvir
C0164155,pilsicainide
C1722267,pimavanserin
C0031935,pimozide
C0071074,pinacidil
C0031955,piperacillin
C0031957,piperazine
C0624744,"3,3-diethyl-2,4-dioxopiperidine"
C0031962,piperonyl butoxide
C0770895,pipotiazine palmitate
C0071129,pirbuterol
C0071132,piretanide
C0031979,piribedil
C0071143,pirlindole
C1101838,pitavastatin
C3529928,pitolisant
C0253355,pixantrone
C3502652,plazomicin
C3711911,plecanatide
C1955474,plerixafor
C0026234,plicamycin
C0286382,polaprezinc
C4078806,polatuzumab vedotin
C0071324,poldine
C0071330,polidocanol
C4519118,Polmacoxib
C0032535,polymyxin B
C0032601,polysorbate 80
C0032613,polythiazide
C0032623,polyvinyl alcohol
C2347624,pomalidomide
C0771648,poractant alfa
C1130428,porfimer sodium
C0137984,potassium acetate
C0032825,potassium chloride
C0137996,potassium citrate
C0301527,potassium gluconate
C3652561,Error: 404
C0032831,potassium iodide
C0032901,prajmalium bitartrate
C1721300,pralatrexate
C0071808,pralidoxime
C0071809,pramiracetam
C0071810,pramoxine
C0526058,pranlukast
C0011185,prasterone
C0032910,prazepam
C0071836,prednicarbate
C0071839,prednisolone acetate
C0138273,prednisolone sodium phosphate
C4310440,pretomanid
C0033124,prilocaine
C0033148,primidone
C0033209,probenecid
C0033215,probucol
C0030830,penicillin G procaine
C0033229,prochlorperazine
C0033254,procyclidine
C0033308,progesterone
C0072315,proglumetacin
C0008241,proguanil
C0033399,promazine
C0033405,promethazine
C0033447,propantheline
C0072225,propylene glycol
C0033602,protamine sulfate (USP)
C0033743,protriptyline
C0913506,prucalopride
C0527129,prulifloxacin
C0060234,prussian blue insoluble
C0033798,pseudoephedrine
C0034235,pyrantel
C0034245,pyrethrins
C0072735,pyrithione
C0072768,pyronaridine
C0072828,quazepam
C0123091,quetiapine
C0243449,quifenadine
C0072857,quinapril
C0034410,quinestrol
C0072865,quinfamide
C0756081,quinupristin
C2980091,quizartinib
C0050461,racecadotril
C3651264,radium Ra 223 dichloride intravenous solution
C3273827,Radotinib
C1871526,raltegravir
C0753318,ramatroban
C1565316,ramelteon
C0526950,ramosetron
C2742502,ramucirumab
C0073633,ranolazine
C4550350,ravulizumab
C2717174,raxibacumab
C0069562,rebamipide
C2980094,regorafenib
C4317244,relebactam
C0246631,remifentanil
C0073076,reproterol
C1869620,reslizumab
C0073085,resorcinol
C1703334,retapamulin
C0256103,reteplase
C0087161,all-trans-retinol
C4519232,revefenacin
C4045494,ribociclib
C0140575,rifabutin
C0035608,rifampin
C0073371,rifamycin SV
C0073372,rifapentine
C0140591,rilmenidine
C2343589,rilonacept
C1566826,rilpivirine
C0035629,rimantadine
C4519126,rimegepant
C0140594,rimexolone
C4045501,Ripasudil
C0140610,risedronic acid
C0073393,risperidone
C3273719,rolapitant
C1527027,romidepsin
C2364481,romiplostim
C4542175,ropeginterferon alfa-2b
C1700683,rotigotine
C0073601,roxatidine acetate
C3661315,rucaparib
C0534301,rupatadine
C0035976,rutin
C0718043,sacrosidase
C4033447,sacubitril
C0036071,salicylamide
C0036079,salicylic acid
C0073983,salsalate
C0048897,sapropterin
C0286738,saquinavir
C4519292,sarecycline
C0216231,sargramostim
C3885145,sarilumab
C3852920,saroglitazar
C1611934,saxagliptin
C0036442,scopolamine
C2183766,dipyrone + scopolamine butylbromide
C4050579,sebelipase alfa
C0006464,butabarbital
C0074246,secnidazole
C0036516,secobarbital
C0074281,selenium sulfide
C2000145,selexipag
C3852671,selinexor
C2980074,selumetinib
C3489575,"sennosides, USP"
C0036720,serine
C0142046,sermorelin
C0074391,sertaconazole
C0074393,sertraline
C0069628,setiptiline
C0037098,silicon dioxide
C1870115,silodosin
C1609931,siltuximab
C2605855,simeprevir
C4064080,simoctocog alfa
C1960121,sinecatechins
C3657824,siponimod
C0072980,sirolimus
C0171447,sitafloxacin
C1704271,sitaxsentan
C0130137,sivelestat
C0074714,sobrerol
C0142825,sodium citrate
C0377349,sodium glycerophosphate
C0074757,sodium phosphate
C0770578,"sodium phosphate, monobasic"
C0074769,sodium sulfate
C0037556,sodium tetradecyl sulfate
C0304347,sodium thiosalicylate
C0142971,sofalcone
C4726765,solriamfetol
C0143083,somatrem
C3886731,sonidegib
C1516119,sorafenib
C3502471,sotagliflozin
C0052585,sparfloxacin
C0001268,spectinomycin
C0961781,spinosad
C0075007,spirapril
C0038149,stanozolol
C0164662,stavudine
C0038326,Stibophen
C0075262,stiripentol
C0038425,streptomycin
C0936139,strontium ranelate
C0012384,succimer
C0075429,succinic acid
C0075432,succinimide
C3696416,sucroferric oxyhydroxide
C0143993,sufentanil
C0038665,sulbactam
C2348593,sulbentine
C0075503,sulconazole
C0075504,sulfabenzamide
C0038670,sulfacetamide
C0262960,sulfacytine
C0038675,sulfadiazine
C0037134,silver sulfadiazine
C0038745,sulfisoxazole
C0038687,sulfamethizole
C0038689,sulfamethoxazole
C0038702,sulfanilamide
C0038710,sulfapyridine
C0038722,sulfathiazole
C0038742,sulfinpyrazone
C3888064,Sulfogaiacol
C0038792,sulindac
C0038803,sulpiride
C1176020,sunitinib
C0038880,suramin
C3859426,"antihemophilic factor, porcine B-domain truncated recombinant"
C3179535,suvorexant
C0953467,tacalcitol
C2745274,tafamidis
C0903411,tafenoquine
C1451502,tafluprost
C4746084,tagraxofusp
C0245194,Talaporfin
C4726799,talazoparib tosylate
C0301407,talbutal
C3273401,taliglucerase alfa
C1831828,talimogene laherparepvec
C0075783,talinolol
C1567753,tamibarotene
C0074676,tandospirone
C2001271,tapentadol
C1313052,tasimelteon
C0937851,tasonermin
C0662811,tasosartan
C3642427,tavaborole
C4086895,tazemetostat
C0075870,tazobactam
C2713595,tecovirimat
C2930762,tedizolid phosphate
C1530889,teduglutide
C0016778,tegafur
C0145106,teicoplanin
C1876229,telaprevir
C1453642,telavancin
C1453933,telbivudine
C0907410,telithromycin
C4317559,telotristat ethyl
C0039468,temazepam
C0753183,Temocapril
C0379149,temoporfin
C0076080,temozolomide
C1707080,temsirolimus
C4043480,tenapanor
C2981308,Teneligliptin
C0076092,tenidap
C0039512,teniposide
C0603972,tenitramine
C3713958,tenofovir alafenamide
C0963398,tenofovir disoproxil
C0771436,tenonitrozole
C0076096,tenoxicam
C0076107,terazosin
C0076115,terconazole
C0058446,dironyl
C1718383,teriflunomide
C0076126,terodiline
C0304571,terpin
C1876200,tesamorelin
C0039600,testolactone
C0076181,testosterone cypionate
C0076189,testosterone enanthate
C0039607,testosterone propionate
C0076195,testosterone undecanoate
C0039629,tetracaine
C0010192,cosyntropin
C0039644,tetracycline
C0076295,tetramethrin
C3652618,"tetryzoline, combinations"
C4519194,tezacaftor
C0039832,thiabendazole
C3652612,"thiamazole, combinations"
C0039865,thiethylperazine
C0039834,Thioacetazone
C0076456,thiocolchicoside
C0023791,thioctic acid
C0039925,thiopental
C0039871,thiotepa
C0039955,thiothixene
C0068897,tiagabine
C0076653,tiaprofenic acid
C0076660,tibolone
C0040193,ticarcillin
C0040209,Ticrynafen
C1260298,tigecycline
C0040219,tilidine
C0043611,tiludronic acid
C0040263,tinidazole
C0076703,tinoridine
C3652604,tiocarlide
C0076705,tioconazole
C0025405,tiopronin
C4056441,tipiracil
C0663733,tipranavir
C2827667,tivozanib
C0146011,tizanidine
C0040341,tobramycin
C0085237,tocainide
C0606070,tocophersolan
C3501434,Tofogliflozin
C0040372,tolazamide
C0040373,tolazoline
C0040374,tolbutamide
C0040377,tolmetin
C0040379,tolnaftate
C0076804,toloxatone
C0040382,tolperisone
C0076808,tolrestat
C0772395,thonzonium
C4049065,topiroxostat
C0146224,topotecan
C0076840,torsemide
C1311070,trabectedin
C0757422,trafermin
C0040610,tramadol
C0076890,tramazoline
C2697961,trametinib
C0076891,trandolapril
C0146337,tranilast
C0040778,tranylcypromine
C4726900,trastuzumab deruxtecan
C2935436,ado-trastuzumab emtansine
C0937916,travoprost
C0040805,trazodone
C4045234,trelagliptin
C0094813,trepibutone
C0040975,Triethylenemelamine
C0040867,triamcinolone diacetate
C0077004,triamcinolone hexacetonide
C0040869,triamterene
C0040879,triazolam
C0040899,trichlormethiazide
C0077081,tridihexethyl
C0040976,trientine
C4519213,trifarotene
C0040979,trifluoperazine
C0040989,triflupromazine
C0040987,trifluridine
C0041009,trihexyphenidyl
C0077147,trimazosin
C0041040,trimethaphan
C0041037,trimetazidine
C0041038,trimethadione
C0077163,trimethobenzamide
C0041056,trimipramine
C0041086,trioxsalen
C0041090,tripelennamine
C0041098,triprolidine
C0077089,triethanolamine
C0765538,dexketoprofen trometamol
C0041190,tropicamide
C0063322,tropisetron
C0772089,trospium
C0379881,trovafloxacin
C0147037,troxipide
C4519167,tucatinib
C0077497,tulobuterol
C3529563,turoctocog alfa
C4727763,Turoctocog alfa pegol
C0077539,tyloxapol
C0041479,tyramine
C0041536,ubidecarenone
C1742789,udenafil
C0300205,ulipristal
C3661274,umeclidinium
C0254211,umifenovir
C0041660,undecylenic acid
C0527038,isopropyl unoprostone
C0041920,uracil mustard
C0281351,uridine triacetate
C4519317,vaborbactam
C4078701,valbenazine
C0913246,valdecoxib
C0068314,valrubicin
C0042313,vancomycin
C1121849,vandetanib
C2931927,vaniprevir
C1705480,vasopressin (USP)
C2919267,velaglucerase alfa
C4079582,velpatasvir
C0078569,venlafaxine
C2001572,vernakalant
C0387288,verteporfin
C4519728,vestronidase alfa
C4279743,vibegron
C0042646,vidarabine
C2935023,vilanterol
C0042665,viloxazine
C0042670,vinblastine
C0042679,vincristine
C0042682,vindesine
C0672663,vinflunine
C0059752,vinpocetine
C3530172,Vintafolide
C2987716,vismodegib
C4726970,volanesorsen
C4291409,vonicog alfa
C4080009,vonoprazan
C2974521,vorapaxar
C0672708,vorinostat
C3661282,vortioxetine
C4507236,voxilaprevir
C0043355,xipamide
C0078643,xylometazoline
C2826065,zabofloxacin
C0012132,zalcitabine
C0251504,zaleplon
C4683810,zanubrutinib
C0211011,ziconotide
C0081408,zileuton
C0149368,zinc acetate
C0078774,zinc chloride
C0149381,zinc gluconate
C0043491,zinc oxide
C0078794,zinc sulfate
C0078811,zipeprol
C0380393,ziprasidone
C0078836,zofenopril
C0078839,zolpidem
C0376160,zuclopenthixol
C1176309,bortezomib
C0066673,moclobemide
C1145701,amphotericin B liposomal
C0037659,somatostatin
C0073571,ropivacaine
C0031716,phosphorylcholine
C0049065,decitabine
C0028420,nortriptyline
C0010725,citicoline
C0006463,busulfan
C0168388,reboxetine
C0087162,vitamin B6
C0032857,povidone-iodine
C0004475,azacitidine
C0003993,asparaginase
C0057277,Dehydroepiandrosterone Sulfate
C0076823,atomoxetine
C0076612,thymalfasin
C0006462,buspirone
C0039943,thioridazine
C0009010,clomipramine
C0028215,nitrous oxide
C0049506,mirtazapine
C0009170,cocaine
C0020823,ifosfamide
C0873118,levobupivacaine
C0178487,ascorbate
C0015020,amifostine
C0030896,pentostatin
C0008932,clenbuterol
C0210657,pemetrexed
C0025384,mepivacaine
C0765273,bexarotene
C0392938,zoledronate
C0026933,mycophenolic acid
C0935916,fulvestrant
C0969677,alpha tocopherol
C0284941,acamprosate
